sequence,value
AAAAAAAIKMLMDLVNERIMALNKKAKK,1.3010299956639813
AAGMGFFGAR,1.404833716619938
AAHCIALRKGYK,1.4771212547196624
AAHCIQLGKR,1.4771212547196624
AAHCIVLHHN,1.4771212547196624
AAHCLAIGRK,0.8750612633917001
AAHCLAIGRR,1.0076261955686245
AAHCLAKRKK,1.4771212547196624
AAHCLAMRRK,1.4771212547196624
AAHCLIGRK,1.1760912590556811
AAHCLLKRKR,1.1760912590556811
AAKCLVQRRR,1.1760912590556811
AAKHAAHRA,2.7295348007886617
AANCITLGKA,1.4771212547196624
AANCLSLGKA,1.4771212547196624
AARCLSQRRK,1.4771212547196624
AAYLLAKINLKALAALAKKIL,1.010088196200722
ACADLRGKTFCRLFKSYCDKKGIRGRLMRDKCSYSCGCR,0.6989700043360189
ACDTATCVTHRLAGLLSRSGGVVKNNFVPTNVGSKAF,2.1200665739085367
AFGMALKLLKKVL,0.7139863568041045
AFGVLAKVAAHVVPAIAEHF,1.806179973983887
AFKMALKLLKKVL,0.5
AGWGSIFKHIFKAGKFIHGAIQAHND,0.7490884770866321
AGYLLGKINLKPLAALAKKIL,1.7630593763484124
AGYLLPKINLKPLAKLPKKIL,1.7394877368927733
AHCLAIGRK,1.7130148841472743
AHCLAIGRR,1.293822911173991
AIGSILGALAKGLPTLISWIKNR,0.6811216133919761
AIGSILGALAKGLPTLKSWIKNR,1.6989700043360187
AIGSILGALAKGLPTLRSWIKNR,1.3979400086720375
AIGSILGRLAKGLPTLISWIKNR,0.4955443375464484
AIGSILGRLAKGLPTLKSWIKNR,2.0
AIHDILKYGKPS,1.0
AILTTLANWARKFL,1.5740312677277188
AINPKSVQSLL,2.3010299956639813
AIRCLAKRRK,0.8750612633917001
AIRCLAQRRK,0.8750612633917001
AKKFGKAFVKIL,2.127485982034053
AKKKGKCKGPLKLVAKC,2.0
AKKVFKRLEKLFSKIFNFK,0.4955443375464484
AKKVFKRLEKLFSKIYNYK,0.4955443375464484
AKLWLKAAKLWLKA,1.2041199826559248
AKRHHGYKRKFH,1.9127517705466492
AKRLKKLAKKIWKWK,0.3762874945799765
AKRLKKLAKKIWKWL,1.2041199826559248
AKRLKKLFKKIWNWK,0.3010299956639812
ALASLLKTLSKAAKKALKTLLKALSA,1.0189376172507234
ALASLLKTLSKAKKKKLKTLLKALSA,0.7421876039884383
ALFKTMLKKLGTMAL,1.5122428338495835
ALHKTMLKKLGTMAL,1.6532125137753435
ALKSLLATLSKAAKKALKTLLAALSK,0.694386162631054
ALKSLLATLSKAKKKKLKTLLAALSK,1.2185657212412802
ALKSLLKTLSAAAKKALATLLKALSK,1.0967613268962706
ALKSLLKTLSAAKKKKLATLLKALSK,1.3457878505343754
ALLKLAPRLLAGIF,1.0969100130080565
ALLKRIKTLL,1.2545848543506035
ALLLAIRKR,1.579489270772111
ALLLAIRRR,0.8691202484730016
ALPLIGRVLSGIL,1.6020599913279625
ALRLAIRKR,1.6412827867611912
ALRLAIRRR,0.9402199166804066
ALRSAVRTVARVGRAVLPHVAI,0.7993405494535817
ALWHHLLHHLLHSAHHLG,1.1760912590556811
ALWKDILKNVGKAAGKAVLNTVTDMVNQ,0.38632677911645597
ALWKEVLKNAGKAALNEINNLV,1.505149978319906
ALWKEVLKNAGKAALNEINNLVQ,2.1072099696478683
ALWKKLLKKLLKSAKKLG,0.2730012720637376
ALWKNMLKGI,2.1760912590556813
ALWKNMLKGIGK,2.1760912590556813
ALWKNMLKGIGKLAG,2.1760912590556813
ALWKNMLKGIGKLAGK,1.7781512503836436
ALWKNMLKGIGKLAGKAALG,0.9030899869919436
ALWKTLLKKV,1.6989700043360187
ALWKTLLKKVLKA,1.6989700043360187
ALWKTLLKKVLKAAA,0.6532125137753437
ALWKTMLKKLGT,1.7323937598229686
ALWKTMLKKLGTM,1.7041505168397992
ALWKTMLKKLGTMA,1.4517864355242902
ALWKTMLKKLGTMALHAGK,1.0293837776852095
ALWKTMLKKLGTMALHAGKAALGAAADTI,0.1760912590556812
ALWLAIRKR,1.5503683134303246
ALWLAIRRR,0.8407295682589795
ALWMTLLKKVLKA,0.4771212547196624
ALWRRLLRRLLRSARRLG,0.5740312677277188
ALYKTMLKKLGTMAL,1.6532125137753435
ALYLAIRKR,1.434403704358505
ALYLAIRRR,0.9575349810178312
AMWKDVLKKIGTVALHAGKAALGAVADTISQ,1.0969100130080565
ANFLPKIFCKITRKC,1.7490377853843089
ARRARKWARRALKLA,1.0969100130080562
ARWWWKIKS,1.2974012587220325
ATHCLFLKKR,1.1760912590556811
AVAGEKLWLLPHLLKMLLTPTP,2.2143118774820323
AVDLAKIANKVLSSLF,2.1760912590556813
AVVDILKGAAKDIAGHLASKVMNKL,2.0
AWLLAIRKR,1.3462483307743998
AWLLAIRRR,0.7386695769310172
CKKKC,0.6369545098498562
CKKKRC,0.597984457404573
CKKRKC,0.7183964556701655
CLAIGRR,1.8076080949161377
CNGKRVCVC,2.008234537717672
CNGKRVCVCR,1.6826460288545664
CRKKKC,0.41736646000618444
CWFWKWWRRRRR,0.6720978579357175
DAACAAHCLFR,1.9290920141828936
DAACAAHCLWR,2.215956226241329
DAACAAKCLWR,2.2191696160788825
DIFGAIWPLALGALKNLIK,0.9030899869919436
DIGKYCGYAHALN,2.0
EFKRIVQRIKDFLRNLV,1.351201661607978
EPFKISIHL,1.442380529638177
EPFKLSLHL,1.442380529638177
EPILGIITSLLKSL,1.8248275791646933
EQHSSGKSDV,2.0
EWKRWVQRWKDWLRNLV,0.7993133362240125
FAKGIAGMAGKLF,2.3010299956639813
FAKKLAKLAKKLAKLAL,0.6346523411022832
FAKLLAKALKKLL,0.4386302480264903
FAKWAFKWAKK,1.8505636096586235
FAKWAFKWLKK,0.6371391126606458
FALKALKKLKKALKKAL,0.6214897239947202
FAPLIGRVLSGIL,1.3010299956639813
FASGIAGMAGKLF,2.3010299956639813
FAVTWATKWWKG,2.0
FCTMIPIPRCY,1.348825628010787
FDIMGLIKKVAGAL,1.4771212547196624
FDLLGLVKKVASAL,1.6989700043360187
FDLLGLVKSVVSAL,1.3979400086720375
FDVMGIIKKIAGAL,1.4771212547196624
FFFDTLKNLAGKVIGALT,1.65346972107927
FFFFF,1.4449145957171627
FFFFFF,1.0866398900771774
FFFFFFF,0.4566638826166188
FFFLSRIF,1.6387640052032224
FFGHLFRGIINVGKHIHGLLSG,0.6989700043360189
FFGKVLKLIRKIF,0.4913616938342727
FFGSIIGALAKGLPSLISLIKK,1.0969100130080565
FFGSMIGALAKGLPSLISLIKK,1.0969100130080565
FFGSTIGALANFLPSLISKIRN,1.4320266890539808
FFGSVLKLIPKIL,0.4941545940184428
FFHHAFRGIVHVGKTIHRLVTG,1.6989700043360187
FFHHFARGIVHVGKTIHRLVTG,1.6989700043360187
FFHHIFRGAVHVGKTIHRLVTG,1.255272505103306
FFHHIFRGIVHIGKTIHRLVTG,1.0
FFHHIFRGIVHVGKKIHRLVKG,0.526952863956601
FFHHIFRGIVHVGKKIHRLVTG,0.26892715338747425
FFHHIFRGIVHVGKTAHRLVTG,1.255272505103306
FFHHIFRGIVHVGKTIHKLVTGT,0.8494850021682873
FFHHIFRGIVHVGKTIHRLVTG,0.5382644705348331
FFHHIFRGIVHVGKTVHRLVTG,1.255272505103306
FFHHIFRGVVHVGKTIHRLVTG,1.255272505103306
FFHHVFRGIVHVGKTIHRLVTG,1.255272505103306
FFIFFF,1.1033525997937803
FFLLSLIPSAISAIKKI,0.6989700043360189
FFPFLLGALGSLLPKIF,1.0969100130080565
FFPIVGKLLFGLL,0.7095659323907523
FFPIVGKLLS,1.1267248260966058
FFPIVGKLLSGLF,2.1760912590556813
FFPIVGKLLSGLL,0.7277717106893903
FFPIVGKLLSGLSGLL,0.1775610942884614
FFPLLFGALSSHLPKLF,0.3878453119300625
FFPLLFGALSSMMPKLF,0.10870358410615939
FFPLVLGALGSILPKIF,1.0380396240700065
FFPLVLGALGSILPKVFGK,0.9731278535996988
FFPMLADLVSKIF,2.1760912590556813
FFPVIGRILNGIL,1.0791812460476249
FFRLLFHGVHHGGGYLNAA,1.481202195880945
FFRLLFHGVHHVGKIKPRA,1.4521289769628385
FFSLIPSLVGGLISAFK,1.4407049158231189
FFSLLPSLIGGLVSAIK,1.3202830730090698
FFSMIPHIATGIASLVKNL,1.1913938967436113
FFSMIPKIAGGIASLVKNL,0.6006609309651104
FFSMIPKIATGIASLVKNL,0.5912289637543181
FFWHHIGHALDAAKRVHGMLSG,1.3979400086720375
FGVLAKVAAHVVPAIAEHF,1.806179973983887
FHAGAM,2.1987805440209462
FHEAIAPVVHAAVKALVGFLG,1.6682626530074964
FHFHLHF,1.5121053625481178
FHFHLHFASASAFIKHFIHRF,1.381245267066915
FHFHLHFGGGFIKHFIHRF,1.7200157901886044
FHFHLHFPSGSPFIKHFIHRF,2.278021023242777
FHFHLHFPSPSPFIKHFIHRF,2.2714700032323574
FHFHLHFPYPFIKHFIHRF,2.2893768452388654
FHFHLHFSATFIKHFIHRF,1.7042404018203765
FIFHIIKGLF,0.7043783692679827
FIFHIIKGLFH,0.6586305987552755
FIFHIIKGLFHA,0.6366897772160725
FIFHIIKGLFHAG,0.6198471024326657
FIFHIIKGLFHAGKMI,0.9750439138074558
FIGAIARLLSKIF,0.4959505028455533
FIGALLGPLLNLLK,1.0969100130080565
FIGALLRPALKLLA,0.9543906231978101
FIGALLRPALKLLAGK,1.2041199826559248
FIGPIISALASLFG,1.7781512503836436
FIHHIIGALGHLF,1.1270564197880337
FIHHIVHAIGRLF,0.302459523502305
FIITGLVRGLTKLF,0.898816692699715
FIKELLPHLSGIIDSVANAIK,1.740362689494244
FIKHFIHRF,2.603979116577118
FIKHFIHRFGGGFKKFWKWFRRF,0.7164661778535997
FIKHFIHRFGGGIKQLLHFFQRF,1.337333976545753
FIKHFIHRFGGGRWRWRWF,1.091849711195144
FIKHFIHRFSATLQLLKQLLKLLKQF,1.289114067231395
FIKHFIHRFSATRWRRLLKKLHHLLH,0.6736558040773014
FIKHFIHRFSATRWRWRWF,1.669081893762358
FIKHFIHRFSGGRWRRLLKKLHHLLH,0.982186219530122
FIKHFIHRFSGGRWRWRWF,1.086843879950438
FIKRIARLLRKIF,0.3718669221844256
FILGKLWKGVKSIF,0.7025004870559121
FILPLIASFLSKFL,1.0791812460476249
FIPLVSGLFSRLL,0.5412702052434841
FIRSLFFF,2.0
FISGLIGGLMKAL,1.3979400086720375
FITGLIGGLMKAL,2.0
FKKALHLFKPIKKFLKWK,0.1931245983544616
FKKFWKWFRRFGGGFIKHFIHRF,1.017496173517581
FKKLKKLFKKILKLK,1.2041199826559248
FKLFKKIPKFLHLAKKF,0.494850021680094
FKRIVQRIKDFLR,1.2041199826559248
FKRLKKLAKKIWNWK,0.6020599913279624
FKRLKKLFKKIWNWK,0.20068666377598746
FKRLKKLISWIKRKRQQ,0.1505149978319906
FKVTWKTKWWKG,0.7923916894982539
FLALIGRVLSGIL,0.3979400086720376
FLFKLIPKAIKGLVKAIRK,0.2628453398380417
FLFKLIPKVIKGLVKAIRK,0.2573019442269164
FLFSLIPHAIGGLISAFK,1.3010299956639813
FLFSLIPKAIGGLISAFK,0.4771212547196624
FLFSLIPSAIAGLVSAIRN,1.0547633028974672
FLFSLIPSAISGLISAF,1.6812412373755872
FLFSLIPSAISGLISAFK,0.9227942812884016
FLFSLIPSVIAGLVSAIRN,1.0517225751310182
FLGALAKIISGIF,0.6020599913279624
FLGALLGPLMNLLQ,2.204119982655925
FLGALWEVAKSVF,0.7958800173440752
FLGALWKVAKSVF,0.1931245983544616
FLGALWNVAKKVF,0.1931245983544616
FLGALWNVAKSVF,0.8313848646728142
FLGALWNVWKSVF,0.1931245983544616
FLGELWNVAKSVF,1.6989700043360187
FLGELWNVWKSVF,1.0969100130080565
FLGGILNTITGLL,1.4771212547196624
FLGGLIKPWWPWRR,1.236651492595865
FLGGLIKWKWPWWPWRR,0.5285203913132455
FLGGLIKWPWWPWRR,0.5919733504730135
FLGGLIKWWPWRR,0.6583734630378769
FLGLIGSLL,2.137720904406206
FLGLLFHGVHHVGKWIHGLIHGHH,0.4638861319101792
FLGLLGGLL,2.452970358539093
FLGLLGSLL,1.5314789170422551
FLGSIVGALASALPSLISKIRN,1.3979400086720375
FLGVVFKLASKVFPAVFGKV,0.2688851683953356
FLGWLFKWAKK,0.9434781061385518
FLGWLFKWASK,1.2572280647958618
FLGWLFKWAWK,0.6285563518186903
FLIIRRPIVLGLL,0.8173111609059437
FLKALWNVAKSVF,0.4941545940184428
FLKGCWTKWYSLKPKCPF,0.44704789433073
FLKGIKGMLGKLF,0.7781512503836436
FLKGIKGMLGKLL,1.0791812460476249
FLKGIVGKLGKLF,0.7781512503836436
FLKGIVGMLGKLF,0.4771212547196624
FLKGIVGMLGKLL,0.4771212547196624
FLKGIVGMLGKLW,0.4771212547196624
FLKKAKKFGKAF,2.5592006794258286
FLKLIPRKIVTAL,0.9965580234611812
FLKLLKKLL,0.8450980400142568
FLKPLFNAALKLLP,1.3465176987900611
FLKWLFKWAKK,0.6247385757913803
FLKWLFKWLKK,0.9102517713488488
FLPAALAGIGGILGKLF,0.7958800173440752
FLPAIAGILSQLF,2.3010299956639813
FLPAIGRVLSGIL,1.6020599913279625
FLPFIAGMAAKFLPKIFCAISKK,0.6917007769592027
FLPFLAGLFGKIF,2.1760912590556813
FLPFLASLLSKVL,1.9030899869919435
FLPFLATLLSKVL,2.0
FLPFLIPALTSLISSL,1.6989700043360187
FLPFVGKLLSGLL,1.0969100130080565
FLPFVGNLLKGLL,0.9542425094393248
FLPGLIAGIAKML,0.9686015549366452
FLPGLLAGLL,1.401728557824207
FLPIALKALGSIFPKIL,0.8317794453848532
FLPIIAKLLGGLL,0.5629600103938629
FLPIIAKVLSGLL,1.1760912590556811
FLPIIGQLLSGLL,1.9030899869919435
FLPIITNLLGKLL,0.7781512503836436
FLPILGKLLSGFL,1.0
FLPILGKLLSGIL,1.1760912590556811
FLPILGKLLSGLL,1.0
FLPILGNLLSGLL,1.6989700043360187
FLPILINLIHKGLL,2.096910013008056
FLPIPRPILLGLL,0.6845747927228272
FLPIVAKLLSGLL,0.45154499349597177
FLPIVAKLLSGLLGRKKRRQRRR,0.1505149978319906
FLPIVGKLLSGLF,2.1760912590556813
FLPIVGKLLSGLL,1.6619584524361313
FLPIVGKLLSGLSGLS,0.1935652242031417
FLPIVGRLISGLL,1.1760912590556811
FLPIVTNLLSGLL,1.7634279935629371
FLPLAGRVLSGAL,2.074091964649202
FLPLAGRVLSGIL,1.6020599913279625
FLPLAMALGKLL,1.6020599913279625
FLPLFASLIGKLL,2.146128035678238
FLPLIGKILGTIL,0.6989700043360189
FLPLIGKVLSGIL,0.6676362322023914
FLPLIGRALSGIL,1.3010299956639813
FLPLIGRVASGIL,1.6020599913279625
FLPLIGRVLAGIL,0.3979400086720376
FLPLIGRVLSGAL,1.6020599913279625
FLPLIGRVLSGIL,0.3819879138975993
FLPLIGRVLSGILGWKRKRFG,1.0
FLPLKKLRFGLL,0.4955443375464484
FLPLLAGLAAKWF,1.2741578492636798
FLPLLAGLAANFLPKIFCKITRK,0.9871278138880715
FLPLLAGLAANFLPKIFCKITRKC,0.3680126560257818
FLPLLASLFSGLF,1.1139433523068367
FLPLLASLFSRLF,0.3010299956639812
FLPLLASLFSRLL,0.3010299956639812
FLPLLFGAISHLL,1.487809219999808
FLPLLFGALSTLLPKIF,1.3979400086720375
FLPLLGRVLSGLL,0.5367731354397459
FLPLLVGAISSILPKIF,1.0969100130080565
FLPLVGKILSGLI,1.845098040014257
FLPLVLGALSGILPKIL,0.4246148336227406
FLPLVTGLLSGLL,1.806179973983887
FLPLVTMLLGKLF,0.8494850021680094
FLPVIAGLLSKLF,0.9030899869919436
FLPVIAGVLSKLF,1.0
FLPVILPVIGKLLNGIL,1.3979400086720375
FLPVILPVIGKLLSGIL,1.3979400086720375
FLPVLAGVLSRA,1.5299824827406074
FLPVLGKVIKLVGGLL,0.4913616938342727
FLPWFSKFLGRIL,0.4771212547196624
FLQHIIGALGHLF,1.1286952746686516
FLQHIIGALSHFF,1.1038037209559568
FLQHIIGALTHIF,1.412459735022241
FLSAITSLLGKLL,0.7781512503836436
FLSGIVGMLGKLF,0.6577392521180512
FLSHIAGFLSNLF,1.0
FLSIIAKVLGSLF,0.8494850021680094
FLSLIPAAISAVSALANHF,1.5178725183904245
FLSLIPHAIKAVGVHAKHF,1.7880007542175718
FLSLIPHAINAVGVHAKHF,2.393000621743506
FLSLIPHAINAVSAIAKHF,0.6672268755754655
FLSLIPHAINAVSAIAKHFG,0.7781512503836436
FLSLIPHAINAVSAIAKHN,0.8976270912904415
FLSLIPHAINAVSALANHG,0.9138138523837168
FLSLIPHAINAVSTLVHHF,0.8808135922807914
FLSLIPHIVSGVASIAKHF,0.7764980147424639
FLSLIPHIVSGVASLAIHF,2.3010299956639813
FLSLIPHIVSGVASLAKHF,0.7958800173440752
FLSLIPKAIKAVGVKAKKF,1.9943258674915556
FLSLIPKIAGGIAALAKHL,0.6167721138794222
FLSLIPKIATGIAALAKHL,0.3010299956639812
FLSMIPHIAGGIASLVKNL,1.2081769210030664
FLSMIPHIVSGVAALAKHL,0.7958800173440752
FLSMIPKIAGGIASLVKNL,0.6080868243163015
FLSSIGKILGNLL,1.401373327551975
FLSTIWNGIKGLL,1.1760912590556811
FLSTIWNGIKSLF,0.9030899869919436
FLSTLWNAAKSIF,1.0752574989155201
FLTGLIGGLMKALGK,2.1760912590556813
FLWGLIPGAISAVTSLIKK,0.6205855128503248
FLWWLFKWAWK,0.5922611302584763
FLYIVAKLLSGLL,0.1505149978319906
FPFSLIPHAIGGLISAIK,1.6812412373755872
FPISTLLKWWKG,1.9278901582770724
FPLTCPTKWWKG,2.232475029145265
FPLTWPTKWWKG,2.2085028971997773
FPVTFRFFKFFKG,1.702085895525905
FPVTWGWWKWWKG,1.8504025937693696
FPVTWKWWKWWKG,1.3010299956639813
FPVTWPTKWLKG,2.233666999020904
FPVTWPTKWRKG,2.221050468742161
FPVTWPTKWWEG,2.212192342061443
FPVTWPTKWWKG,2.2124590786402565
FPVTWPTKWWKS,2.2040338549663905
FPVTWRTKWWKG,0.4913616938342727
FPVTWRWWKWWKG,1.0689937063162165
FPVTWRWWTWWKG,1.2412531983067183
FQNRRMKWKK,2.4082399653118496
FRCRRRFCRF,1.505149978319906
FRFKFRFK,2.327744531010659
FRFKRFRKKGKKLFKKVSPPILLLHL,0.505149978319906
FRFRCRRRFCRFRF,0.3010299956639812
FRIRVRV,2.1072099696478683
FRIRVRVFKRIVQRIKDFLR,0.6020599913279624
FRIRVRVKWKLFKKI,0.6020599913279624
FRKLFRVYSNFLRGKLKL,1.0413926851582251
FRRFFKWFRRFFKFF,1.4777447095716028
FRRFFKWFRRPFKFF,0.3848467608373274
FRRFFKWPRRFFKFF,0.9100704523739145
FRRFFKWPRRPFKFF,0.7837168495670904
FRRFRKWFRRFLKLF,1.0969100130080562
FRRPFKWPRRFFKFF,0.6899788406668655
FRVTWRTKWWKG,0.4771212547196624
FSEAIKKIIDFLG,2.237759455833689
FSFLSRIF,2.0
FSGGNCRGFRRRCFCTK,1.3020478274031664
FSIARLLKWWKG,1.1447351730112885
FSVTWRWWKWWKG,0.8460369030174889
FVDLKKIANIINSIF,1.1583624920952498
FVPWFSKFLGRIL,0.8702331257788811
FVPWFSKFLKRIL,0.9463950151760658
FVPWFSKFLPRIL,1.3359491647544195
FVPWFSKFLWRIL,0.6453650195120846
FVQWFSKFLGKIL,0.9286662482156343
FVQWFSKFLGRIL,0.4771212547196624
FVQWFSKFLLRIL,1.6812412373755872
FVQWFSRFLGRIL,0.7781512503836436
FVRWFSKFLGRIL,0.7781512503836436
FVRWFSRFLGRIL,0.7781512503836436
FWGALAKGALKLIPSLVSSFTKKD,0.7481880270062004
FWGKLWEGVKNAI,1.505149978319906
GAGALAKFLAKKVAKTVAKQAAKQGAKYVVNKQME,1.3010299956639813
GAHDILKYGKPS,1.4771212547196624
GALKRIKTLL,1.58720392265138
GATAIKQVKKLFKKKGG,0.3010299956639812
GATAIKQVKKLWKKKGG,0.9084850188786496
GAVDILKGAAKDIAGHLASKVMNKL,2.0
GCKKYRRFRWKFKGKFWFW,1.2817430828954233
GCKKYRRFRWKFKGKFWFWGG,1.9658730804466609
GCLEFWWKCNPNDDKCCRPKLKCSKLFKLCNFSF,0.3010299956639812
GCRRFKKFKKWRYRGRFWFWCFG,1.2079751465013329
GCRRWKKFRWRYRGKFWFWCG,1.2418787973405612
GEFKKIVQKIKDFLKNLV,2.0791812460476247
GEFKRIVQRIKDFLRNLV,1.7781512503836436
GEFRRIVQRIRDFLRNLV,1.4771212547196624
GEILCNLCTGLINTLENLLTTKRKRQQ,0.5185139398778874
GFARIVQRIKDFLRNLV,0.8750612633917001
GFFALIPKI,1.9977248813630644
GFFALIPKIISSPLFKTLLSA,1.645170040270984
GFFALIPKIISSPLFKTLLSAVGSALS,0.9541561490141706
GFFALIPKIISSPLFKTLLSAVGSALSSSGGQE,0.8763011269414165
GFFGKRKEYFKKFGASFKRRFANLKKRL,0.7781512503836436
GFGKAFHSVSNFAKKHKTA,2.0
GFGKALKLLKKVL,1.0
GFGMALKLLKKVL,1.2966850629842208
GFGSLLGKALRLGANVL,0.8164570800602444
GFGSVLGKALKFGANLL,1.0969100130080565
GFGVLAKVAAHVVPAIAEHF,1.806179973983887
GFIFH,2.207810724883763
GFIFHIIKGLFHAGK,1.1713344074141705
GFIFHIIKGLFHAGKMIHGLV,1.029494147152275
GFKAIVQRIKDFLRNLV,0.8750612633917001
GFKDLLKGAAKALKKTVLF,2.0
GFKDLLKGAAKALVKAVLF,0.4771212547196624
GFKDLLKGAAKALVKTVKF,2.0
GFKDLLKGAKKALVKTVLF,1.8494850021680094
GFKDLLKKAAKALVKTVLF,0.4771212547196624
GFKEVLKADLGSLVKGIAAHVAN,2.330413773349191
GFKEVLKAGLGSLVKGIPAHVAN,2.637489729512511
GFKKLLKGAAKALVKTVLF,0.4771212547196624
GFKMALKLLKKVL,0.9614924078544415
GFKRIVQAIKDFLRNLV,1.1760912590556811
GFKRIVQRIADFLRNLV,0.8750612633917001
GFKRIVQRIKDFLANLV,0.8750612633917001
GFKRIVQRIKDFLRNLV,0.6832114786129864
GFLDIVKGVGKVALGAVSKLF,0.5770492392724946
GFLDVIKHVGKAALGVVTHLINQ,0.8185392491836718
GFLDVVKHIGKAALGAVTHLINQ,1.1246124145500842
GFLGSLLKTGLKVGSNLL,1.0161516688346761
GFLSILKKVL,1.0374264979406236
GFLSILKKVLAKVMAHMK,0.6720978579357175
GFLSILKKVLGKVMAHMK,0.6334684555795865
GFLSILKKVLKKVMAHMK,1.1398790864012365
GFLSILKKVLPKVMAHMK,0.8325089127062363
GFMKYIGPLIPHAVKAIKKLI,0.4955443375464484
GFMKYIGPLIPHKVKAISDLI,2.3010299956639813
GFRDVLKGAAKAFVKTVAGHIAN,1.7525749891599531
GFVALLKKLPLILKHLH,0.2041199826559248
GFVALLKKLPLILKHLP,0.49275814392635775
GFVDFLKKVAGTIANVVT,1.726026326023434
GFWGKLFKLGLHGIGLLHLHL,0.2297275691805471
GFWGKLWEGVKNAI,0.8670642178097208
GFWGKLWEGVKSAI,0.8524488544379673
GFWGSLWEGVKSVV,1.6063402982306694
GGARSLGRKALRAWKKYGPAIVPIIRI,0.5910646070264992
GGARSLGRKALRAWKKYGPIIVPIIRI,0.5797835966168101
GGLRSLGRKALRAWKKYGPIIVPIIRI,0.505149978319906
GGLRSLGRKILRAWKKYG,0.45154499349597177
GGLRSLGRKILRAWKKYGPAIVPIIRI,0.5797835966168101
GGLRSLGRKILRAWKKYGPIIVPIIRI,0.3597270820158749
GGLRSLGRKILRAWKKYGPQATPATRQ,1.2041199826559248
GIADILKYGKPS,1.3010299956639813
GIGALSAKGALKGLAKGLAEHFAN,1.146128035678238
GIGAVLKVLALISWIKRKR,0.7702898582522271
GIGAVVKVLTTGVPAVISWIKRKRQQ,0.4771212547196624
GIGDILKNLAKAAGKAALHAVGESL,1.2787536009528289
GIGGALLNVGKVALKGLAKGLAEHFAN,0.4849429804958005
GIGGALLSAGKAALKGLAKVLV,0.670480282520047
GIGGALLSAGKSALKGLAKGLAEHF,1.1998776341520003
GIGGALLSAGKSALKGLAKGLAEHFAN,0.7993405494535817
GIGGALLSAGKSALKGLAKGLAEHL,0.9062914011908996
GIGGALLSVGKLALKGLANVLADKFAN,0.2552764987828404
GIGGALLSVGKSALKGLTKGLAEHF,1.4903789102001954
GIGGKILGGLKTALKGAAKELASTYLH,0.546919451489015
GIGGKILGGLRTALKGAAKELAATYLH,0.2439383195494014
GIGGVLLGAGKATLKGLAKVLAEKYAN,0.8570013041066723
GIGGVLLSAGKAALKGLAKVLAEKYAN,0.0951492390288305
GIGGVLLSAGKAALKGLTKVLAEKYAN,0.8520394730981732
GIGHFLHKVKSFGKSWIGEIMNS,1.8808135922807916
GIGKFIHAAKKFGKLFIGEIMNS,0.9822712330395684
GIGKFIHSAKKFGKLFVGEIMNS,1.57978359661681
GIGKFIHSAKRFGRAWVGEIMNS,1.8750612633917
GIGKFLHAAKKFAKAFVAEIMNS,0.7649080610656289
GIGKFLHAALLFAKAFVAEIMNS,0.0881463729156482
GIGKFLHKVGSFIKSWKGEIMNS,1.863322860120456
GIGKFLHKVKSFGKSWIGEIMNS,1.8808135922807916
GIGKFLHSAKKFAKAFVAEIMNS,1.2024230859642802
GIGKFLHSAKKFGKAFVGEIMNS,2.3494850021680094
GIGKFLHSAKKFGKAWVGEIMNS,1.9030899869919435
GIGKFLHSAKKPGKAFVGEIMNS,2.024992316753539
GIGKFLHSAKKWGKAFVGEIMNS,1.471817142052908
GIGKFLHTLKTFGKKWVGEIMNS,1.1139433523068367
GIGKFLKKAKKF,2.5742263729619337
GIGKFLKKAKKFGKAFVKILKK,0.652072748399887
GIGRKFLGGVKTTFRCGVKDFASKHLY,2.0
GIGRKFLGGVKTTFRGGVKDFASKHLY,1.8750612633917
GIGSAILSAGKSIIKGLAKGLAEHF,1.418992657956574
GIGSALAKAAKLVAGIV,1.0969100130080565
GIGSILGVIAKGLPTLISWIKNR,0.6989700043360189
GIGSLLAKAAKLGANLL,1.0969100130080565
GIGTKFLGGVKTALKGALKELAFTYVN,0.8274197665110822
GIGTKFLGGVKTALKGALKELASTYVN,0.2347917550038449
GIGTKILGGVKAALKGALKELASTYVN,0.5461036957709676
GIGTKILGGVKTALKGALKELASTYAN,0.8626900443085493
GIGTKILGGVKTALKGALKELASTYVN,0.8736175471302234
GIHAILKYGKPS,0.6989700043360189
GIHDALKYGKPS,1.3010299956639813
GIHDIAKYGKPS,0.6989700043360189
GIHDILAYGKPS,1.0
GIHDILKAGKPS,1.0
GIHDILKYAKPS,1.0
GIHDILKYGAPS,1.3010299956639813
GIHDILKYGKAS,1.0
GIHDILKYGKKS,1.4771212547196624
GIHDILKYGKPA,1.6989700043360187
GIHDILKYGKPS,1.0
GIHDILKYGKRS,1.0
GIHKILKYGKPS,1.0
GIHRILKYGKPS,1.0
GIIPIISIIGKII,1.5314789170422551
GIKDILKYGKPS,1.1760912590556811
GIKKILKYGKKS,0.6989700043360189
GILDAIKAFANALG,0.6025036720330387
GILDAIKAIAKAAG,0.785329835010767
GILDPIKAFAKAAG,0.603127835553903
GILDTLKQFAKGVGKWLVKGAAQ,1.6145958722874023
GILGKLWEGVKSIF,0.9074617551997207
GILGKLWKGVKSIF,0.6669022313713348
GILKSLLKKLKKIIAK,1.115224460689137
GILSKLLKKLKKIIAK,1.1808639180087965
GILSSLLKKLKKIIAK,0.8645763480295042
GILSSLLKKLKKWIAK,0.752574989159953
GILSSLLKKWKKIIAK,1.3010299956639813
GILSSLWKKLKKIIAK,0.6819341004275739
GILSSLWKKLKKWIAK,0.3494850021680094
GILSSLWKKPKKIIAK,2.0
GILSSWLKKLKKIIAK,1.2041199826559248
GIMISLMKKLAAHIAK,1.723190906111221
GIMSSLMKKLAAHIAK,1.789109577654948
GIMSSLMKKLAAHIKK,1.941830717576809
GIMSSLMKKLAAIIAK,0.9286662482156343
GIMSSLMKKLAKHIAK,1.7993405494535817
GIMSSLMKKLAKIIAK,0.9771212547196624
GIMSSLMKKLAKIIKK,1.3744814306280808
GIMSSLMKKLKAHIAK,2.0
GIMSSLMKKLKKHIAK,2.0
GIMSSLMKKLKKIIAK,1.296235287325065
GIMSSLMKKLKKIIKK,1.7726535582329122
GIRDILKYGKPS,1.0
GIRRILKYGKRS,0.3424226808222063
GIRRILRYGRPS,0.6989700043360189
GIRRILRYGRRS,1.0
GIWDTIKSMGKVFAGAILQNL,1.0969100130080565
GIWDTIKSMGKVFAGKILQNL,1.3979400086720375
GIWDTIKSMGKVFAGLILQNL,1.3979400086720375
GIWDTLKNVGKAVLGKVLENV,1.6989700043360187
GIWKSLFTKLLKG,0.826571847383224
GIWKTIKSMGKVFAGAIKQNL,2.0
GIWKTIKSMGKVFAGAILQNL,0.7958800173440752
GIWKTIKSMGKVFAGKIKQNL,2.0
GIWKTIKSMGKVFAGKILQNL,0.966571776508792
GIWSSLLKKLKKIIAK,1.0126529326323852
GKAMSLLKHILK,2.0
GKFLKKAKKFGK,2.5694743426650466
GKFMSLLKHILK,1.6364878963533651
GKGALKKFLAKKVAKTVAKQAAKQGAKYVVNKQME,1.6020599913279625
GKGRWLERIGKAGGIIIGGALDHL,1.4103470538819034
GKIIKLKASLKLL,1.459012698313784
GKIIKVVK,2.0
GKKLLKKLKKLLKKG,2.6131280707815723
GKKLLKKLKKLLKKW,1.7322551699057758
GKKLLKKLKKLWKKW,2.7154575596775063
GKKLLKKWKKLWKKW,2.699285525290921
GKKYRRFRWKFKGKWFWFG,0.7876316048658342
GKKYRRFRWKFRKGRFWFWG,0.7580047334523147
GKKYRRFWKFKGKWFWFWG,1.384722465224603
GKLSSLWKKLKKIIAK,1.4231685560649026
GKLTKDKLKRGAKKALNVASKVAPIVAAGASIAR,1.4009247196026984
GKLWLKGGKLWLKGGKLWLKG,1.505149978319906
GKMKEYFKKFGASFKRRFANLKKRL,0.4771212547196624
GKSDVRRWRSRY,2.0
GKWKKILGHLIR,1.4517864355242902
GKWKSLLKHILK,1.3010299956639813
GKWLSLLKHILK,0.7403626894942439
GKWMHLLKHILK,1.0969100130080565
GKWMKLLKHILK,0.6532125137753437
GKWMSALKHILK,2.113943352306837
GKWMSFLKHILK,0.8061799739838872
GKWMSLLKHILK,0.8485008516511126
GKWMSLLKHIWK,1.0863598306747482
GKWMSLLKHWLK,1.1398790864012365
GKWMSLLKKILK,0.7993405494535817
GKWMSLLKQILK,1.0334237554869496
GKWMSLWKHILK,1.4313637641589874
GKWMSWLKHILK,1.0043213737826426
GKWMTLLKHILK,0.724275869600789
GKWQSLLKHILK,1.3979400086720375
GKWSKILGHLIR,1.3673559210260189
GKWWSLLKHILK,0.6720978579357175
GLAANFLPKIFCKITRKC,1.392864542047658
GLADFLNKAVGKVVDFVKS,2.0
GLADVIKKVASVIGGL,1.812519410955872
GLAKRIKTLL,1.5335190636886038
GLARIVVIRVAR,1.6778971564424
GLFAVIKKVAAVIKKL,1.167954573457593
GLFAVIKKVAAVIRRL,1.1538575597621934
GLFAVIKKVAKVIKKL,1.1535933320849765
GLFAVIKKVASVIKGL,0.8635264750588993
GLFAVIKKVASVIKKL,1.163882039500432
GLFDIAKKVIGVIGSL,1.486787675443085
GLFDIIKKIAESF,1.7439949207312484
GLFDIIKKVASVIGGL,1.1857576797791038
GLFDIIKKVASVVGGL,1.1895111222540558
GLFDIIKNIFSGL,1.8426359940170305
GLFDIVKKIAGHIAGSI,1.4586538400428692
GLFDIVKKIAGHIASSI,1.4512194875584934
GLFDIVKKIAGHIVSSI,1.745416760237121
GLFDIVKKVVGAFGSL,1.481494009099921
GLFDIVKKVVGALGSL,1.1895111222540558
GLFDIVKKVVGTIAGL,1.185757679779104
GLFDIVKKVVGTLAGL,1.185757679779104
GLFDIWAWWRWRR,1.3789825745189175
GLFDIWKKLRWRR,1.6974115093018614
GLFDIWKKWRWRR,1.529372116282821
GLFDIWKWWRWRR,0.7633616976912173
GLFDKWAWWRWRR,1.6761513201725196
GLFDVIAKVASVIGGL,1.807193109586346
GLFDVIAKVASVIKKL,0.547421099443495
GLFDVIKKLLKKIGGL,0.4913616938342727
GLFDVIKKLLKKIKGL,0.4913616938342727
GLFDVIKKVAAVIGGL,1.193832457873589
GLFDVIKKVASKIGGL,1.7838354441609925
GLFDVIKKVASVIGGA,1.803030066594488
GLFDVIKKVASVIGGL,1.089167790366062
GLFDVIKKVASVIKKL,1.754932811130714
GLFDVIKKVLKKIGGL,1.0969100130080565
GLFEVIKKVASVIGGL,1.787817671107066
GLFGILGSVAKHVLPHVIPVVAEHL,1.132962269073832
GLFGVLAKVAAHVVPAIAE,1.806179973983887
GLFGVLAKVAAHVVPAIAEH,1.806179973983887
GLFGVLAKVAAHVVPAIAEHF,0.4464139033911402
GLFGVLAKVAAHVVPAIAKHF,0.6020599913279624
GLFGVLAKVAAKVVPAIAEHF,0.9030899869919436
GLFGVLAKVAAKVVPAIAKHF,0.6020599913279624
GLFGVLAKVASHVVPAIAEHFQA,1.3257382133990685
GLFGVLGSIAKHVLPHVVPVIAEKL,1.1255964928521873
GLFKGKKKNKKTK,2.397940008672037
GLFKVIKKVAKVIKKL,1.4407218216557989
GLFKVLGSVAKHLLPHVAPIIAEKL,0.6557323991702376
GLFKVLGSVAKHLLPHVAPVIAEKL,0.9679305490270186
GLFKVLGSVAKHLLPHVVPVIAEKL,0.5029258031114096
GLFSVLGAVAKHVLPHVVPVIAEKL,0.514672118044009
GLFSVLGSVAKHLLPHVAPIIAEKL,0.9724111907170839
GLFSVLGSVAKHLLPHVVPVIAEKL,0.6601892301495186
GLFSVLGSVAKHVVPRVVPVIAEHL,2.0
GLGKFLHSAKRFGKAFVGEAMNS,1.8750612633917
GLGSLVGNALRIGAKLL,1.0969100130080565
GLGSVFGRLARILGRVIPKV,0.4184241683677687
GLGSVLGKALKIGANLL,0.7870156338638594
GLKDIFKAGLGSLVKGIAAHVAN,2.3010299956639813
GLKDMIKNLAKEAAVKLAGAVINKFSPQPQ,1.6020599913279625
GLKEIFKAGLGSLVKGIAAHVAN,2.3010299956639813
GLKEIFKAGLGSLVKGIAAHVAS,2.0
GLKKIFKAGLGSLKKGIAAHVAS,2.397940008672037
GLKKIFKAGLGSLVKGIAAHVAS,2.397940008672037
GLKKIFKAGLGSLVKGIKAHVAS,2.397940008672037
GLKKIFKKGLGSLVKGIAAHVAS,2.397940008672037
GLKKLISWIKRAAQQG,0.4443851213022468
GLLARIKTLL,1.4067952916798114
GLLDFVTGVGKDIFAQLIKQI,1.806179973983887
GLLDTLKGAAKNVVGSLASKVMEKL,2.3010299956639813
GLLGKLLKIAAKVGKKLL,0.4771212547196624
GLLGKLLKIAAKVGSNLL,0.4771212547196624
GLLGLLGSVVSHVLPAITQHL,1.371708199275142
GLLGLLGSVVSHVVPAIVGHF,0.7923916894982539
GLLGPLLKIAAKVGKNLL,0.4771212547196624
GLLGPLLKIAAKVGSKLL,0.4771212547196624
GLLGPLLKIAKKVGSNLL,1.3979400086720375
GLLGVLGSVAKHVLPHVVPVIAEHL,1.592597452173798
GLLKAIKTLL,0.9708675364021828
GLLKFIKTLL,0.2420436601513866
GLLKFIKWLL,0.8692317197309762
GLLKKIKKLL,2.4082399653118496
GLLKKIKTLL,1.999985464884588
GLLKKIKWLL,1.4533183400470375
GLLKKLLKIAAKVGKKLL,0.7781512503836436
GLLKKWLKKWKEFKRIVGY,1.4221888440401955
GLLKLIKTLL,0.2551358845218047
GLLKNIKTLL,1.7925858852015475
GLLKPLLKIAAKVGSNLL,0.7781512503836436
GLLKR,1.723656959249498
GLLKRAKTLL,1.5665193237915291
GLLKRI,1.735370171778632
GLLKRIK,1.5296159207620297
GLLKRIKALL,0.8521448945141654
GLLKRIKFLL,0.8237065877277193
GLLKRIKILL,1.0792274698487234
GLLKRIKKLL,1.5173776093373896
GLLKRIKKLLKKIKKLL,1.0969100130080565
GLLKRIKLLL,0.7781974741847422
GLLKRIKNLL,1.0119290066682205
GLLKRIKT,1.3940986243773474
GLLKRIKTAL,1.4450971609060663
GLLKRIKTL,1.6158795748147068
GLLKRIKVLL,1.2807757552337269
GLLKRIKWLL,0.508780245587147
GLLKVIKTLL,0.4367428040429922
GLLKVIKVLL,1.1065310357297653
GLLKWIKKLL,0.3979400086720376
GLLKWIKTLL,0.6026068847485069
GLLPLLSLLGKLL,0.1931245983544616
GLLRKWGKKWKEFLRRVWK,1.104602008040243
GLLSKFGRLARKLARVIPKV,0.5604137457918624
GLLSLLSLLGKLL,0.4941545940184428
GLLSSLSSVAKHVLPHVVPVIAEHL,1.5845146868661202
GLLSVLGSVAKHVLAHVVAVIAEHL,1.596361398276471
GLLSVLGSVAKHVLGHVVPVIAEHL,0.9922470002580994
GLLSVLGSVAKHVLPHVVPVIAEHL,0.3656748267144591
GLLSVLGSVAKHVLPHVVPVIAEKL,1.5890326462904296
GLLSVLGSVVKHVIPHVVPVIAEHL,0.980776067733406
GLNTLKKVIQGLHEVIKLVNNHA,0.7781512503836436
GLPALISLIKRKRQQ,0.8945278152941778
GLPALISSIKRKRQQ,1.3528887665803548
GLPALISWIKRKRGG,0.1969643828372931
GLPALISWIKRKRQ,0.1932924856180213
GLPALISWIKRKRQQ,0.4943288660642573
GLPALISWIKRKRQQG,1.1304859632601336
GLPALISWSKRKRQQ,1.7265511036543473
GLPALSSWIKRKRQQ,0.9168530566459072
GLPASISWIKRKRQQ,2.150440209533508
GLRILLLKV,0.4771212547196624
GLSALISWIKRKRQQ,0.2399391413637934
GLVGTLLGHIGKAILG,1.0536049848245193
GLVGTLLGHIGKAILS,1.1790341496840238
GLVTGLLKTAGKLLGDLFGSLSG,1.0969100130080565
GLVTSLIKGAGKLLGGLFGSVTG,0.7958800173440752
GLWEKVKEKANELVSGIVEGVK,1.6174824737436904
GLWSKIKAAGKEAAKAAAKAAGKAALNAVSEAV,0.6720978579357175
GLWSKIKEVGKEAAKAAAKAAGK,2.0
GLWSTIKNVGKEAAIAAGKAALGAL,0.6454020915080143
GLWSTIKQKGKEAAIAAAKAAGQAALGAL,0.7018918743676321
GMASKAGAIAGKIAKVALKAL,1.4548887905701733
GMASKAGSVAGKIAKFALGAL,1.9030899869919435
GMASKAGSVLGKITKIALGAL,2.0
GMASKAGSVLGKLAKVAIGAL,2.0
GMASKAGSVLGKVAKVALKAAL,1.3979400086720375
GMASTAGSVLGKLAKAVAIGAL,2.3010299956639813
GMATAAGTTLGKLAKFVIGAV,1.9030899869919435
GMATKAGTALGKVAKAVIGAAL,2.0
GMWKKILGHLIR,0.9242792860618816
GMWKKILGKLIR,1.1760912590556811
GMWPKILGHLIR,1.8750612633917
GMWSKIKETAMAAAKEAAKAAGKTISDMIKQ,1.5932860670204574
GMWSKIKNAGKAAAKAAAKAAGKAALDAVSEAI,0.6989700043360189
GMWSKILGHL,2.0
GMWSKILGHLI,1.1903316981702914
GMWSKILGHLIK,1.1986570869544226
GMWSKILGHLIR,1.0614661350037369
GMWSKILGKLIR,0.9637878273455552
GMWSKILGPLIR,2.0
GMWSKILPHLIR,2.0
GMWSKIPGHLIR,2.0
GRAKRFRKKAKKLFKKLSPVIPLLHL,0.4313637641589873
GRFKRFRKKAKKLFKKLSPVIPLLHL,0.4471580313422192
GRFKRFRKKFKKAFKKASPVIPLLHL,0.4313637641589873
GRFKRFRKKFKKLFKKASPVIPLLHL,0.4471580313422192
GRFKRFRKKFKKLFKKLS,0.6020599913279624
GRFKRFRKKFKKLFKKLSPVIPLLHLG,0.5017166594399687
GRFRRLRKKTRK,2.1072099696478683
GRFRRLRKKTRKRLKKIGKV,1.4426806100157559
GRFRRLRKKTRKRLKKIGKVLKAI,2.1072099696478683
GRFRRLRKKTRKRLKKIGKVLKKI,1.6556649761518965
GRFRRLRKKTRKRLKKIGKVLKLI,0.6020599913279624
GRFRRLRKKTRKRLKKIGKVLKWI,0.45154499349597177
GRFRRLRKKTRKRLKKIGKVLKWIPPIVGSIPLG,0.3010299956639812
GRFRRLRKKTRKRLKKIGKVLKWIPPIVGSIPLGCG,0.3010299956639812
GRIKRIRKKIKKLIKKLS,0.6020599913279624
GRILSFIKGLAEHL,1.808591969960377
GRKLWRKWLKRWLP,0.7024033232159561
GRLKKLGKKIEGAGKRVFKAAEKALPVVAGVKAL,1.6989700043360187
GRPMGHQAIETGLNIFRGLFKGKKKNKKTK,2.173186268412274
GRRGPRRANQNGTRRRRRRT,2.0
GRRPRPRPRP,2.204119982655925
GRRPRPRPRPFFF,1.6020599913279625
GRRPRPRPRPFFFF,1.0
GRRPRPRPRPWWW,1.6020599913279625
GRRPRPRPRPWWWW,1.6020599913279625
GRRRRSVQWCA,1.963890728923304
GRRYKKFRWKFKGRWFWFG,0.4819635035276339
GRWKRWRKKWKKLWKKLS,0.6020599913279624
GSPALISWIKRKRQQ,1.7067427103007948
GVADILKGAAKDIAGHLASKVMNKL,2.0
GVAKFGKAAAHFGKGWIKEMLNS,1.8808135922807916
GVFDIIKDAGKQLVAHAMGKIAEKV,2.4816307668020863
GVFDIIKDAGKQLVAHATGKIAEKV,2.486611180449731
GVFDIIKDAGRQLVAHAMGKIAEKV,2.477045167563268
GVFDIIKGAGKQLIAHAMGKIAEKV,2.4889340484465765
GVFRRLRKVTRKVLKKIGKVLKWI,0.6020599913279624
GVFRVLRKVTRVVLKVIGKVLKWI,0.3010299956639812
GVGDLIRKAVSVIKNIV,1.448270045534676
GVIDAAKKVVNVLKNLF,1.135915710183507
GVIDAAKKVVNVLKNLP,1.1479731044297945
GVIDIIKGAGKDLIAHAIGKLAEKV,2.4999669596180465
GVIKSVLKGVAKTVALGML,1.0969100130080565
GVLDILKGAAKDLAGHVATKVINKI,1.6989700043360187
GVLSAFKNALPGIMKIIV,0.6322036599682244
GVLSNVIGYLKKLGTGALNAVLKQ,1.706518891342403
GVLSVIKNALPGIMRF,0.6334684555795865
GVLSVIKNALPGIMRFIA,0.6244857633121822
GVVAILKGAAKDIAGHLASKVMNKL,2.0
GVVDALKGAAKDIAGHLASKVMNKL,2.0
GVVDIAKGAAKDIAGHLASKVMNKL,2.0
GVVDILAGAAKDIAGHLASKVMNKL,2.0
GVVDILKAAAKDIAGHLASKVMNKL,2.0
GVVDILKGAAADIAGHLASKVMNKL,2.0
GVVDILKGAAKAIAGHLASKVMNKL,1.6989700043360187
GVVDILKGAAKDAAGHLASKVMNKL,2.0
GVVDILKGAAKDIAAHLASKVMNKL,2.0
GVVDILKGAAKDIAGALASKVMNKL,2.0
GVVDILKGAAKDIAGHASKVMNKL,2.0
GVVDILKGAAKDIAGHLAAKVMNKL,2.0
GVVDILKGAAKDIAGHLASAVMNKL,2.0
GVVDILKGAAKDIAGHLASKAMNKL,2.0
GVVDILKGAAKDIAGHLASKVANKL,2.0
GVVDILKGAAKDIAGHLASKVMAKL,2.0
GVVDILKGAAKDIAGHLASKVMNAL,2.0
GVVDILKGAAKDIAGHLASKVMNKA,2.0
GVVDILKGAAKDIAGHLASKVMNKL,2.010259301966757
GVVDILKGAAKDIAGHLLSKVMNKL,1.7993133362240126
GVVDILKGAAKDILGHLASKVMNKL,1.6989700043360187
GVVDILKGAAKDLAGHLATKVMNKL,2.3010299956639813
GVVDILKGALKDIAGHLASKVMNKL,1.6989700043360187
GVVDILKGLAKDIAGHLASKVMNKL,1.598626672448025
GVVPVVSVVGKVV,2.0
GVVTDLLKTAGKLLGNLFGSLSG,0.7958800173440752
GVVTDLLKTAGKLLGNLVGSLSG,1.7032913781186614
GVVTDLLNTAGGLLGNLVGSLSG,2.4771212547196626
GVVVRIGRVIVRGVRR,0.9030899869919436
GVVVRIGRVVVRGVRR,0.9030899869919436
GVVVRVARVVVRWVRR,0.6020599913279624
GVVVRVGRVVVRGVRR,1.2041199826559248
GVVVRVGRVVVRWV,0.9030899869919436
GVVVRVGRVVVRWVRR,0.3010299956639812
GVVVRVGRVVVRWVRRRR,0.3010299956639812
GVVVRVPRVVVRWVRR,0.6020599913279624
GVVVRWGRVIVRGVRR,0.6020599913279624
GVVVRWGRVVVRGVRR,0.9030899869919436
GVVVRWGRVWVRGVRR,0.6020599913279624
GVWDWLKKTAKNVWNSDIVKQLKGKAINAAKNYVAEKIGATPS,1.6232492903979006
GWASKIGQTLGKIAKVGLKELIQPK,1.9723743094856263
GWFDVVKHIAKRF,1.6989700043360187
GWFKKAWRKVKNAGRRVLKGVGIHYGVGLI,0.3722424563840478
GWGSFFKKAAHVGKHVGKAALTHYL,0.738144609640698
GWGSIFKHGRHAAKHIGHAAVNHYL,1.0634392146417715
GWKKWFNRAKKVGKTVGGLAVDHYL,0.7478554435540867
GWKKWLRKGAKHLGQAAIK,0.5974661333417741
GWKSVFRKAKKVGKTVGGLALDHYL,1.3653882774385802
GWLDVAKKIGKAAFNVAKNFI,0.7024033232159561
GWLKKIGKKIERVGQHTRDATIQGLGIAQQAANVAATAR,2.3010299956639813
GWMSKIASGIGTFLSGMQQ,2.0
GWRTLLKKAEVKTVGKLALKHYL,0.1782875310341971
GYFPGRPPFPRPFPRPPSRPFPRPPFPGPFPRPYPWR,1.6989700043360187
HCLAIGRR,1.4140163170249656
HFKGTLVNLAKKIL,2.1072099696478683
HFLGKLVNLAKKIL,0.9030899869919436
HFLGTKVNLAKKIL,2.1072099696478683
HFLGTLKNLAKKIL,1.505149978319906
HFLGTLVKLAKKIL,0.9030899869919435
HFLGTLVNKAKKIL,2.1072099696478683
HFLGTLVNLAKKIK,2.1072099696478683
HFLGTLVNLAKKIL,2.1072099696478683
HFLGTLVNLAKKKL,2.1072099696478683
HFLGTLVNLKKKIL,2.1072099696478683
HFLKTLVNLAKKIL,0.9030899869919436
HIIKGL,2.1675862593060837
HKLGTLVNLAKKIL,2.1072099696478683
HKTDSFVGLM,2.644240081311275
HKWMSLLKHILK,1.5831987739686226
HLRRINKLLTRIGLYRHAFG,1.5702158754694395
HRWWRWWRH,1.2041199826559248
HRWWRWWRR,0.9030899869919436
HSDAVFTDNYTRLRKQMAVKKYLNSILN,2.176945726599292
ICLKKWPWWPWRRCK,0.8846860662709415
IDGLKAIVKKVADLLKNT,1.845098040014257
IDGLKAIWKKVADLLKNT,1.8603380065709936
IDWKKLLDAAKQIL,1.3817379426565595
IDWLKLGKMVIDAL,0.3010299956639812
IDWLKLGKMVMDVL,1.3263310886449025
IFGAILPLALGALKNLIK,0.9030899869919436
IFGAIWNGIKSLF,0.6364970787720381
IFGAIWPLALGALKNLIK,0.6020599913279624
IGCWTKSIPPRPCFVK,1.640107769130463
IGGYCSWLRL,1.6556649761518965
IGKFLKKAKKFG,2.5742263729619337
IIGHLIKTALGMLGL,1.0791812460476249
IIGLVSKGTCVLVKTVCKKVLKQ,1.3979400086720375
IIGPVLGLIGKALGGLL,2.203304916138483
IIGPVLGLVGKALGGLL,2.206842185453052
IIGPVLGLVGSALGGLLKKI,0.4771212547196624
IIGPVLGMVGSALGGLLKKI,0.3222192947339193
IIRKIIRK,2.6822032951059813
IKFEPPLPPKKAH,1.629564056798008
IKIKIKIK,1.6333628590557936
IKKIIKKI,2.6989700043360187
IKKIIKKIIK,2.6989700043360187
IKKIIKKIIKKI,2.397940008672037
IKKILSKIKKLL,0.7958800173440752
IKKILSKIKKLLK,0.6989700043360189
IKKIVSKIKKLL,0.4941545940184428
IKKIVSKIKKLLK,0.4941545940184428
IKKIVSKIKKVL,0.8926510338773003
IKKIVSKIKKVLK,0.8442655256106877
IKKWWSKIKKLLK,0.1931245983544616
IKLSKETKDNLKKVLKGAIKGAIAVAKMV,0.7958800173440752
IKLSKETKKNLKKVLKGAIKGAIAVAKMV,0.6436208555891739
IKLSKKTKDNLKKVLKGAIKGAIAVAKMV,0.4913616938342727
IKLSPETKDNLKKVLKGAIKGAIAVAKMV,1.0484550065040281
IKLSPETKKNLKKVLKGAIKGAIAVAKMV,0.6436208555891739
IKLSPKTKDNLKKVLKGAIKGAIAVAKMV,0.41955126603968573
IKLSPKTKKNLKKVLKGAIKGAIAVAKMV,0.37646500936293353
IKPAGKLFKLFK,2.5663272470903458
IKQLLHFFQRF,1.6265685676993749
IKQLLHFFQRFGGGFIKHFIHRF,1.337333976545753
IKQVKKLFKK,0.8644202841699857
IKWAGKLFKLFK,0.4321317542920529
IKWKAILDAVKKVI,1.4447982481354469
ILAWKWAWWAWRR,0.23946558107659296
ILGAAWNGAKSLF,1.8704517920994228
ILGAILPLVSGLLSNKL,2.1072099696478683
ILGAVWNGVKSLF,1.852736064866069
ILGIITSLLKSL,1.2939309525912366
ILGKAWEGAKSLF,1.8478137879966452
ILGKIAEGIKSLF,1.806179973983887
ILGKIIKVVK,2.0
ILGKILEGIKSLF,0.6020599913279624
ILGKILKGIKKLF,0.3010299956639812
ILGKIWEGIESLF,1.82253068384142
ILGKIWEGIKSLF,0.31848307492678746
ILGKIWKGIKSLF,0.9115372984522792
ILGKLLKTAAGLLSNL,1.505149978319906
ILGKLLKTAAKLLSNL,1.2041199826559248
ILGKLLSTAAGLLKNL,1.2041199826559248
ILGKLLSTAAGLLSKL,1.505149978319906
ILGKLLSTAAGLLSNL,1.6989700043360187
ILGKLLSTAAKLLSKL,0.6020599913279624
ILGKLLSTAAKLLSNL,0.6020599913279624
ILGKLWEGLKSLF,1.521772559559008
ILGKVWEGVKSLF,1.8309806455495767
ILGLVISTIGNVLGGLLKNL,1.6973531861108595
ILGPVIKTIGGVIGGLLKNL,0.6774594154224216
ILGPVISTIGNALGGLLKNL,1.7069991543185368
ILGPVISTIGNVLGGLLKNL,1.70083774616184
ILGPVLGLDGNALGGLIKKI,1.7074357553999988
ILGPVLGLVGDTLGDLL,1.7785910832758032
ILGPVLGLVGNALGGLIKKI,0.7109832973936792
ILGPVLGLVGNALGGLIKKL,0.6841111509933778
ILGPVLGLVGSALGGLI,1.8099745453596636
ILGPVLGLVSNALGGLL,1.7942656275459636
ILGPVLGLVSNTLDDVLGIL,1.6943484261505437
ILGPVLSMVGSALGGLIKKI,0.0073417869630548
ILGTILGLLKGL,1.0380579537529457
ILGTILGLLKSL,1.0824683740474388
ILGTILGPLKGL,2.4082399653118496
ILGTILPLLKGL,2.4082399653118496
ILGTIPGLLKGL,2.4082399653118496
ILKKWPWWPWRRK,0.929895423491335
ILKWKWPWWKWRR,0.4046397093678621
ILKWKWPWWPWRR,0.4115430934463093
ILPFKFPFFPFRR,0.5623537310976537
ILPILAPLIGGLL,2.0
ILPILGNLLNGLL,2.0
ILPILGNLLNSLL,2.0
ILPILSLIGGLL,1.8028879580212702
ILPIRSLIKKLL,1.0969100130080565
ILPKKKPWWPWRR,0.5427373672898852
ILPKKWPKLPWRR,0.5608210136019298
ILPLKLPLLPLRR,0.30745776701673
ILPLKLPLLPWRR,0.4907813162987942
ILPLKLPWLPLRR,0.7918113119627754
ILPLKLPWWPWRR,0.2497443654766811
ILPLKWPWWPWRR,0.2320936232639004
ILPWKKPKKPKRR,0.7759543612950554
ILPWKKPKKPWRR,0.76116221973404
ILPWKKPKLPWRR,0.2604853338043031
ILPWKWKWWPWRR,0.4115430934463093
ILPWKWPKKPWRR,0.4458273542818288
ILPWKWPKLPWRR,0.2460575087079123
ILPWKWPLLPWRR,0.5500800452743079
ILPWKWPWAPARR,1.0764955605134012
ILPWKWPWLPKRR,0.5463931885055391
ILPWKWPWLPLRR,1.1521400366022705
ILPWKWPWLPWKK,0.2455661251233946
ILPWKWPWLPYRR,0.5379183315813828
ILPWKWPWWKWRR,0.4115430934463093
ILPWKWPWWPARR,1.6497187080340516
ILPWKWPWWPLRR,0.2320936232639004
ILPWKWPWWPWRR,0.3266062568876718
ILPWKWPYLPWRR,0.5379183315813828
ILPYKYPYYPYRR,1.144581210056577
ILSAIWSGIKGLL,1.4771212547196624
ILSAIWSGIKSLF,0.8705678082599477
INLKAIAAFAKKLL,1.2625810686972598
INLKAIAALAKKLF,1.1745354391696141
INLKAIAALAKKLL,0.6487983383917051
INLKAIAALAKKLLG,0.2904634086586514
INLKAIAAMAKKLL,0.0005996243291911
INLKILARLAKKIL,0.6365006360318688
INLLKIAKGIIKSL,0.5160008534627821
INPKSVQSLL,2.3010299956639813
INWKALLDAAKKVL,0.3916036652312992
INWKGIAAMAKKLL,0.3759253567118094
INWKGIAAMKKLL,0.3962185130515022
INWKKIASIGKEVLKAL,1.4116197059632305
INWKKIFEKVKNLV,1.0718820073061257
INWKKIKSIIKAAMN,1.6989700043360187
INWKKLLDAAKQIL,0.8920946026904804
INWKKMAATALKMI,0.2531385148203441
INWLKAKKVAGMIL,1.4324255048122552
INWLKLGKAIIDAL,2.0835347785216616
INWLKLGKKILGAL,1.1903316981702914
INWLKLGKMVIDAL,0.3475926901444035
IPHAVKAISDLI,2.3010299956639813
IPPFIKKVLTTVF,1.6989700043360187
IPWGKVKDFLVGGMKAV,0.9542425094393248
IRCRRRFCRI,1.806179973983887
IRIKIR,2.495919811194292
IRIKIRIK,1.4513686925581675
IRIKIRIKIRIK,1.605538540653278
IRIRCRRRFCRIRI,0.6020599913279624
IRIRIRIR,1.0159120650279416
IRVKIRVK,2.393056351191531
IRVKIRVKIRVK,1.015431059693822
ISGPVLGLVGNALGGLIKKI,1.7168447821188215
ISKRILTGKK,2.3500329655307075
ITIPPIVKDTLKKFIKGAISGVM,1.3010299956639813
ITIPPIVKDTLKKFIKGAISSVM,1.3010299956639813
IWLTALKFLGKNLGKHLAKQQLAKL,0.6602891438486356
IWRIFR,2.1072099696478683
IWRIFRRIF,0.6020599913279624
IWRIFRRIFRIFIRF,0.9030899869919436
IWRVWRRWK,0.6020599913279624
IWSAIWSGIKGLL,0.22577249674798588
IYYPPNHNFP,2.307392922859308
KAAAKWAAKAAK,2.0
KAACAAHCLWR,1.9102794146399893
KAACAAKCLWR,2.214488475677718
KAIAKSILKWIKSIAKAI,0.146128035678238
KAKKFGKAFVKI,2.5742263729619337
KAKLFKKIPKFLHLWKKF,0.3010299956639812
KALAKALAKLWKALAKAA,0.1760912590556812
KALKKLLAKWLAAAKALL,0.1760912590556812
KALWKTLLKKVLKA,0.1760912590556812
KALWKTMLKKLGTMAL,1.0191113191843593
KARRAVRAI,1.78903515223857
KARRAVRWI,1.7434479866610186
KARRWVRAI,1.7434479866610186
KAYSMPRCKGGFRAVMCWL,1.0501572314120675
KAYSMPRCKYLFRAVLCWL,0.7260463541042895
KAYSTPRCKGLFRALMCWL,0.8918255547118054
KDLHTVVSAILQAL,1.8216640667581137
KFAKKFKWFAKAAFKFFKK,0.6203395756985299
KFFRKLKKSVKKRAKEFFKKPRVIGVSIPF,1.439079279861625
KFGKAFVKILKK,2.2600076674091274
KFLGTLVNLAKKIL,2.1072099696478683
KFLHLAKKFPKWKLFKKI,0.1931245983544616
KFLKKAKKFGKA,2.565081528341912
KFRRFVRFI,0.6020599913279624
KFWKLLKKALRLWAKVL,0.6726684163368613
KFWKLLKKALRLWKKVL,0.7114142594467505
KFWSLLKKALRLWANVL,0.6589153178817208
KGGGKWGGKGGK,1.0969100130080565
KGIVGMLGKLF,1.6020599913279625
KGLFHAGKMIH,1.9071025864337177
KIAGKIAAIAGKIAKIAGAIAKIAGK,0.5144456174146071
KIAGKIAAIAGKIAKIAGAIAKIAGKIA,0.7839505907203975
KIAGKIAAIAGKIAKIAGKIAK,1.476844364913995
KIAGKIAAIAGKIAKIAGKIAKIA,0.5378024602845982
KIAGKIAKIAGKIA,2.26781077493494
KIAGKIAKIAGKIAK,2.229285624929102
KIAGKIAKIAGKIAKIA,2.179286336384003
KIAGKIAKIAGKIAKIAGK,2.134225248904221
KIAGKIAKIAGKIAKIAGKIA,0.5884611005272631
KIAGKIAKIAGKIAKIAGKIAK,0.8633213783644982
KIAGKIAKIAGKIAKIAGKIAKIA,0.2262092047844202
KIAGKIAKIAGKIAKIAGKIAKIAGK,0.4946384564479829
KIAGKIAKIAGKIAKIAGKIAKIAGKIA,0.4644712439033019
KIAGKIAKIAKKIAK,2.209296448422577
KIAGKIAKKAGKIAK,2.2249883196610614
KIAGKIAKKAGKIAKIA,2.17545429744668
KIAGKIASIAGKIAKIAGKIAK,1.7746314874865885
KIAGKIASIAGKIAKIAGKIAKIA,0.534816345018533
KIAGKIASIAGKIAKIAGSIAKIAGK,1.1108633957978844
KIAGKIASIAGKIAKIAGSIAKIAGKIA,0.477671055679284
KIAKKIAKIAKKIA,2.225257534549853
KIAKVALKAL,1.3623815563721555
KIAKVALKALKIAKGALKAL,0.08804562952784059
KIAKVALKALKIAKVALKAL,0.025576261223690652
KIFGAIWPLALGALKNLIK,0.6020599913279624
KIGAIKKWGAIKKIGAIK,2.1241625411582192
KIGAKIKWGAKIKIGAKI,0.6190125628383131
KIGKAIKWGKAIKIGKAI,2.1241625411582192
KIKGAIKWKGAIKIKGAI,0.9200425585022944
KIKIPWGKVKDFLVGGMKAV,1.3873898263387294
KIKLFKKWPKFLHLAKKF,0.3010299956639812
KILGKLWKGVKSIF,0.7075740726541933
KILGVSKKIMRRISKDILTGKK,2.008023006219416
KILRGVAKKIMRTFLRRISKDILTGKK,1.304990730577688
KILRGVSKKIMRRILTGKK,2.06074744691124
KILRGVSKKIMRRISKDILTGKK,1.881494805283021
KILRGVSKKIMRTFLRR,1.7844453161135432
KILRGVSKRILTGKK,2.178527132313387
KILSSLLKKLKKIIAK,1.2525749891599531
KISKKIMRTFLRR,2.183677614065544
KISKKIMRTFLRRILTGKK,2.043140004891149
KISKKIMRTFLRRISKDILTGKK,1.666077079043928
KIWFQNKKMKWKK,2.4082399653118496
KIWFQNRRMKWKK,2.4082399653118496
KIWVIRWR,1.1410025108258557
KKAAAAFAAFAAWFAAFAAAAKKKK,1.505149978319906
KKAAAFAAAAAFAAWAAFAAAKKKK,1.505149978319906
KKAFAAAAAFAAWAAFAKKKK,1.505149978319906
KKAGKIAKKAGKIA,2.258473401580248
KKAKKAKKA,2.903089986991944
KKAKKFGKAFVK,2.5694743426650466
KKCRNKKMEVSR,1.2198729548367178
KKFGKAFVKILK,2.2600076674091274
KKFWEDDG,2.397904511638244
KKIGAIKKWGAIKKIGAI,2.1241625411582192
KKIMRTFLRR,2.278322707954355
KKIMRTFLRRISKDILTGKK,2.0220950896144765
KKIMRTFLRRISKKILTGKK,1.7187356909986538
KKKAAAFAAWAAFAKKK,1.505149978319906
KKKKKKAAFAAFAAFAA,1.505149978319906
KKKKKKAAFAAWAAFAA,1.505149978319906
KKKKKKAAWAAWAAWAA,1.505149978319906
KKKLFWKIPKFLHLAKKF,0.3010299956639812
KKKLKKLKKKLK,2.0
KKKLLLLLLLLLKKK,1.6989700043360187
KKKVVFKVKFK,0.3560463071170889
KKKVVFKVKFKK,0.3174420363919926
KKKVVFKVKFKKK,0.281990908774246
KKKWLWLW,1.8284647438020127
KKLAGLAKKWAGLAKKLAGLA,0.8743828758689153
KKLGEPSCNKLK,1.26933947301047
KKLIKVFAKGFKKAKKLFKGIG,1.5625658919412841
KKLLFKLKFK,1.2864432005508384
KKLLKKLKKLLK,1.3010299956639813
KKLLKKLLKWL,0.1515415499570511
KKLLKLLLKLLK,0.4941545940184428
KKLLKWLKKLL,0.551211824683842
KKLLKWLLKLL,0.0592781204407327
KKPKKPWKPKK,1.260071387985075
KKPKLPWKPKK,1.2041199826559248
KKPKLPWLPKK,1.1238516409670858
KKPKLPWLPLK,1.380211241711606
KKRLKKIFKKPMVIGVTIPF,1.7320849586834766
KKRYKKKYKAYKPYKKKKKF,1.5484550065040281
KKVLFKLKFK,1.1406663311207799
KKVLKAAA,0.9542425094393248
KKVVFKFKFK,0.5315217747543861
KKVVFKVKFKK,0.17802315355854445
KKVVFKVKFKKK,0.3174420363919926
KKVVPKVKFK,1.9206165645614128
KKVVVKVKFK,0.7154202767930052
KKWLKKWLK,1.6530283855196104
KKWMSLLKHILK,1.4517864355242902
KKWRKLLKKLKKLL,0.0401468543100622
KKWRKLLKWLAKK,0.3963760098812045
KKWRWWLKALAKK,0.4831870337743858
KKYRYHLKPFSKK,2.1072099696478683
KLAGKLAKWAGKLAKLAGKLA,0.5733528802049339
KLAGLAKKLAGLAKKLAGLAK,0.8894910961912443
KLAGLAKKWAGLAKKLAGLAK,0.8743828758689152
KLAGLKAKWAGLKAKLAGLKA,2.07850285852484
KLAKGLAKWAKGLAKLAKGLA,0.573352880204934
KLALKAALKAWKAAAKLA,1.6532125137753435
KLALKLALKAWKAALKLA,0.1139433523068367
KLFAVIKKVAAVIGGL,1.4875649144776006
KLFAVIKKVAAVIRRL,1.7386575376773228
KLGFENFLVKALKTVMHVPTSPLL,2.4082399653118496
KLKAGLAKWKAGLAKLKAGLA,2.07850285852484
KLKKKLKKLLKK,2.5240314145423963
KLKKLLKKLLKK,2.52841218932921
KLKKLLKKLLKL,2.53283760412976
KLKKLLKKWLKLLKKLLK,0.559055706233108
KLKLLKLLKLLKLLK,1.3979400086720375
KLKLLLKLK,1.2196547796277093
KLKLLLLKLK,0.2183702299878691
KLKLVALHKQVL,0.8570567548751445
KLLAKAALKWLLKALKAA,0.2041199826559248
KLLGPLLKIAAKVGSNLL,1.0969100130080565
KLLKKLLKWLK,0.4525715456210322
KLLKRIKKLL,1.349318511755624
KLLKRIKTLL,1.291859016781998
KLLKVIKKLL,0.8766480669228468
KLLKWLKKLLK,0.4525715456210322
KLLKWLLK,1.3803339037939968
KLLKWLLKL,0.4289564338495929
KLLKWWKKLL,1.0536049848239342
KLLLKLKLKLLK,1.6989700043360187
KLLLKLKLKLLKGWKRKRFG,1.3979400086720375
KLLLKLLLKLLK,1.065572525809967
KLLLKWLLKLLK,2.0
KLLNLLPGLLAGIF,1.0969100130080565
KLPKLPWKPKK,1.271841606536499
KLPLIGRVLSGIL,1.7439993080210783
KLPLLPWLPKK,1.806179973983887
KLPLLPWLPLK,1.806179973983887
KLSPSLGPVSKGKLLAGQR,1.8195439355418688
KLVKRFKKFFRKLKKS,0.8857148379725681
KLWKKWKKWLK,0.6020599913279624
KLWKLWLKWLK,0.6020599913279624
KLWLLWLKWLL,1.6054933102078996
KMWSKILGHLIR,1.6201360549737576
KNLRRIIRKIIHIIKKYGPTILRIIRIIG,0.153734830812123
KNWGAILKHIIK,2.0
KNWGKILKHIIK,1.884795363948981
KNWKAILKHIIK,1.8129133566428557
KQFRIRVRVIRK,0.8753374267512655
KQIKIWFQNKKMKWKK,2.4082399653118496
KQLIRFLKRLDRNLWGLA,1.0413926851582251
KRFKKFFKKLKNSVKKRAKKFFKKPRVIGVSIPF,1.037076660215253
KRFKKFFKKLKNSVKKRVKKFFRKPRVIGVTFPF,0.8758143277162266
KRFKKFFKKVKKSV,1.852355601826988
KRFKKFFKKVKKSVKKRLKKIFKKPMVIGVTIPF,0.8868603240923809
KRFRIRVRVIRK,0.5667531805473349
KRIKTLL,1.8452507035547523
KRIRKRIKKWKR,0.6020599913279624
KRIRKRIKKWLR,0.6020599913279624
KRIVKLIKKWLR,0.45154499349597177
KRIVKLILKWLR,0.752574989159953
KRIVKRIKKWLR,0.45154499349597177
KRIVQRIKDFLR,0.6020599913279624
KRIVQRIKDWLR,0.3010299956639812
KRIVQRIKKWLR,0.45154499349597177
KRLRRVWRRWR,0.6989700043360189
KRRKLAFRLFRLFLKLVLKK,1.2041199826559248
KRRKLIKILKLIAKLIRKKR,0.3010299956639812
KRRKLIKILKLIIKLIRKKR,0.3010299956639812
KRRLFLFRLFRLFLRLFLKK,0.6020599913279624
KRRLIARILRLAARALVKKR,0.9030899869919436
KRRLILRILRLAIRALVKKR,0.6020599913279624
KRRWPWWPWRLI,0.6526382921017063
KRRWRIWLV,0.7849540468211413
KRWWKWIRW,0.4507275060371208
KRWWKWWRR,0.6989700043360189
KSDVRRWRSRY,2.0
KSLRRVWRSWR,1.7781512503836436
KSLVRRWRSRW,1.4771212547196624
KTLLKKVLKAAA,0.9542425094393248
KVFKRLEKLFSKI,0.7958800173440752
KVLKAAA,1.255272505103306
KVVFKVKFK,0.7457149089605939
KVVFKVKFKKK,0.356046307117089
KVVVKWVVKVVK,2.0
KWAKKWKWFAKAAWKWYKK,1.5902186865852233
KWARLWRWFRITRWLWYIK,1.55825595597347
KWASLWNWFNITNWLWYIK,1.5900747007993052
KWCFRVCYRGICYRKCR,0.8537276823167148
KWCFRVCYRGICYRRCR,0.054969340534459094
KWFKIQLQIKKWKNKK,1.505149978319906
KWFKKIPKFLHLAKKF,0.494850021680094
KWFKKIPKFLHLLKKF,0.1931245983544616
KWFKRLEKLFSKI,0.1931245983544616
KWFRVYRGIYRRR,1.1857186587020503
KWIKWIKWI,1.2041199826559248
KWIRWVRWI,0.6020599913279624
KWKKFIKKIGIGAVLKVLTTGLPALKLTKK,0.6826930191647865
KWKKFIKSLTKSAAKTVVKTAKKPLIV,1.322908236328343
KWKKLLKKLLKLL,0.9030899869919436
KWKKLLKKLLKLLKKLL,0.6020599913279624
KWKKLLKKLLKLLKKLLK,0.6020599913279624
KWKKLLKKLLKLLKKLLKKLK,0.9030899869919436
KWKKLLKKLLKLLKKLLKKLKKLLK,0.9030899869919436
KWKKLLKKLLKLPKKLLKKLKKLLK,0.3010299956639812
KWKKLLKKLLPLLKKLLK,0.3010299956639812
KWKKLLKKPLKLLKKLL,0.3010299956639812
KWKKLLKKPLKLLKKLLK,0.3010299956639812
KWKKLLKKPLLKK,1.0969100130080565
KWKKPLLKKLLKKL,0.7958800173440752
KWKLFKKI,1.806179973983887
KWKLFKKIEKVGQGIGAVLKVLTTGL,0.44322765468416303
KWKLFKKIGIGKFLHSAKKF,0.247425010840047
KWKLFKKIGPGKFLHSAKKF,0.494850021680094
KWKLFKKIKFLHSAKKF,0.494850021680094
KWKLFKKILKFLHLAKKF,0.494850021680094
KWKLFKKIPFLHLAKKF,0.494850021680094
KWKLFKKIPHLAKKF,0.7958800173440752
KWKLFKKIPKFLH,0.7958800173440752
KWKLFKKIPKFLHL,0.7958800173440752
KWKLFKKIPKFLHLA,0.7958800173440752
KWKLFKKIPKFLHLAK,0.494850021680094
KWKLFKKIPKFLHLAKK,0.494850021680094
KWKLFKKIPKFLHLAKKF,0.9628528695170054
KWKLFKKIPKFLHSAKKF,0.494850021680094
KWKLFKKIPLAKKF,0.7958800173440752
KWKLFKKIPLHLAKKF,0.494850021680094
KWKLFKKIPLKKF,1.0969100130080565
KWKLFKKISKFLHLAKKF,0.7958800173440752
KWKLKKHIGIGKHFLSAKKF,1.806179973983887
KWKSFAKTFKSAKKTVAHTALKAISS,2.096910013008056
KWKSFLKTFKAAVKTVLHTALKAISS,0.49019801158231613
KWKSFLKTFKGAVKTVLHTALKAISS,0.34006199522032965
KWKSFLKTFKKAVKTVLHTALKAISS,0.4557928632050525
KWKSFLKTFKLAVKTVLHTALKAISS,0.33171276117420223
KWKSFLKTFKSAAKTVLHTALKAISS,0.5275404402404471
KWKSFLKTFKSAEKTVLHTALKAISS,2.096910013008056
KWKSFLKTFKSAGKTVLHTALKAISS,0.7454244075815483
KWKSFLKTFKSAKKKVLHKALKAISK,1.3226260526516973
KWKSFLKTFKSAKKKVLHKALKAISS,1.3285276124658143
KWKSFLKTFKSAKKKVLHTALKAISS,1.031429121552781
KWKSFLKTFKSAKKTVLHTALKAISS,1.6721063390622308
KWKSFLKTFKSAKKTVLHTLLKAISS,0.9030899869919436
KWKSFLKTFKSALKTVLHTALKAISS,0.6487911357083818
KWKSFLKTFKSASKTVLHTALKAISS,1.3425199845431546
KWKSFLKTFKSAVKTVLHTALKAISS,0.061346337646755775
KWKSFLKTFKSLKKTVLHTLLKAISS,0.7024033232159561
KWKSFLKTFKVAVKTVLHTALKAISS,0.6365384962615369
KWKWKWKW,1.0969100130080565
KWKWKWKWKW,1.0969100130080565
KWKWWKWK,0.9463950151760658
KWLKKLLKKLL,0.4525715456210323
KWLKKWL,1.902539997424315
KWLKKWLKWLKK,0.5761076780379253
KWLLKWL,1.6080718742386697
KWRRAVRAI,1.7434479866610186
KWRRWIRWL,0.494850021680094
KYKKALKKLAKLL,1.0151891095792516
LALKSGGWLRLFGLKDKKH,1.230448921378274
LCAAHCLAIGRR,1.422306816807722
LCAAHCLAILRR,1.2760902422586375
LCAAHCLAIRRR,1.1998913994789513
LCAARCLAIGRR,1.2258042103886253
LCAIAKKKGKCKGPLKLVCKC,2.0
LDPKVVQSLL,2.3010299956639813
LFFFFF,1.3841792093694747
LFGLIPSLIGGLVSAFK,1.159363687167345
LFGMALKLLKKVL,0.3617278360175928
LFGVLAKVAAHVVPAIAEHF,1.806179973983887
LFHAGKMIH,1.9774559973217216
LFRLIKSLIKRLVSAFK,0.8424715591531932
LFWKLLLKALRLWAKVL,0.7289724564095279
LGAWLAGKVAGTVATYAWNRYV,0.4771212547196624
LHCIALRKK,1.7722022433144522
LHLIALRKK,1.768198730429812
LHRIALRKK,1.7514056017146946
LIAGLAANFLPKLFCKITK,0.7827108739707761
LIGPVLGLVGSALGGLLKKI,0.5185139398778874
LIGSLVRGILPLF,1.660751560538485
LIKHILHRL,2.6411366417953537
LIKHILHRLGGGFHFHLHF,1.4380040898152682
LILGKLWKGVKSIF,0.892243489069674
LIRGLFKSFWQVF,0.7781512503836436
LKKAKKFGKAFV,2.5742263729619337
LKKLLKKL,2.6989700043360187
LKKLLKKLLK,2.6989700043360187
LKKLLKKLLKKL,1.7474250108400469
LKKLLKKLLKW,0.6030865434530228
LKKLLKWLKKL,0.6030865434530228
LKKLLKWLLKLLK,0.8828109562357757
LKKVLKAAA,1.255272505103306
LKKWLK,2.389841854164422
LKKWLKK,2.326412574532254
LKKWLKKWLKK,1.275760251815588
LKLKAIAALAKKKW,1.180996883827716
LKLKSIVSWAKKVL,1.017855774193161
LKLLKKLLKKLLKLL,0.7955323035132496
LKLLKWLLKLL,0.3512166677680908
LKLSPETKDTLKKVLKGAIKGAIAIASLA,0.6989700043360189
LKLSPKTKDTLKKVLKGAIKGAIAIASMA,0.0880456295278406
LKRIKTLL,1.4982430773745206
LKWGAILKHIIK,1.0681858617461617
LKWLKKLLKKL,0.4525715456210323
LKWLKKWLK,1.3572146577835522
LKWLLKWLL,0.17223568503729525
LKWRKMFRW,1.056968733984721
LLAAHLLAIGRR,1.2879459683490737
LLAGLAANFLPKIFCKITRKC,0.881767908668277
LLCIALRKK,1.1760912590556811
LLGMIKVAITAISALSKL,0.9387517099323031
LLGMIPLAISAISALSKL,0.7740976107420922
LLGMIPLAISAISSLSKL,1.2433458519847935
LLGMIPVAIKAISALSKL,0.7891779902250278
LLGMIPVAISAISALSKL,1.729696303774552
LLGMIPVAITAISALSKL,1.999740214980156
LLIILKKKWKKQAKAKSK,0.6020599913279624
LLIILRRRIRKQAHAHSK,0.8010299956639813
LLIILRRRWRKQAKAKSK,0.6020599913279624
LLIILRRRWRKQARARSK,0.6020599913279624
LLIILRRRWRRQARARSR,0.6020599913279624
LLIRAAKKFIKK,1.7958800173440752
LLKALKKLLKKLL,0.1760912590556812
LLKELWTKIKGAGKAVLGKIKGLL,1.7172844520170996
LLKKALRLWKKVL,1.5995977488438529
LLKKLLKKLLKL,2.5373085780798816
LLKKLLKLLLKL,1.6421966041159657
LLKKLLKLLLKLLKK,1.3979400086720375
LLKKLLKWLKK,0.6030865434530228
LLKKVLKAAA,1.0969100130080565
LLKLLKKLLKKLLKL,1.6532125137753435
LLKLLKWLLKLLK,1.187842251100113
LLKRIKTLL,1.7377714542057254
LLKWLKK,2.333381460092236
LLKWLKKL,1.3803339037939968
LLKWLKKLLKK,0.6030865434530228
LLKWLKKWLKK,0.8285874631250333
LLKWLLK,1.4373740107389836
LLKWLLKWLKK,0.23946081089266413
LLKWLLKWLLK,0.3859211868592852
LLLLLKKKKKKLLLL,1.6989700043360187
LLPIVGNLLKSLL,0.4471580313422192
LLPIVGNLLKSLLGAKRKRAG,2.0
LLPIVGNLLKSLLGWKRKAFG,1.6989700043360187
LLPIVGNLLKSLLGWKRKRFG,1.0969100130080565
LLPWKWPWWKWRR,1.2074231107903846
LLQWLSKLLGRLL,0.3266062568876718
LLQWLSKLLGRWL,0.7781512503836436
LLRHVVKILEKYL,0.187348073765191
LLWKALRLWWKVL,0.9672875314916984
LNWGAALKHAAK,2.0
LNWGAFLKHFFK,1.3364597338485296
LNWGAGLKHGGK,2.0
LNWGAIKKHIIK,2.0
LNWGAILKHIIK,1.0253058652647702
LNWGAILKHIKK,2.0
LNWGAILKHKIK,2.0
LNWGAILKKIIK,0.8633228601204559
LNWGALLKHLLK,0.8260748027008264
LNWGAVLKHVVK,2.0
LNWGAWLKHWWK,1.3010299956639813
LNWGKILKHIIK,0.9395192526186184
LNWKAILKHIIK,0.724275869600789
LPFFLLSLIPSAISAIKKI,0.3979400086720376
LPKVMAHMK,2.0
LPLLAGLAANFLPKIFCKITRK,0.862170336359077
LPLNTIPRPPYFPGKLPPRGGHLFPPTCVCVRSPCPCDQNWG,1.0969100130080565
LPLSINPWRPPFPGRPLPGGPLVLPGCVCVRAPCYCSPSRQKDFPGFEHY,1.3979400086720375
LPRRNRWSKIWKKVVTVFS,0.8237518080376935
LQLLKQLLKLLKQFSATFIKHFIHRF,0.9983840282072256
LQLLKQLLKLLKQFSGGFIKHFIHRF,1.0063089580502094
LRAAHRLAIGRR,1.1492585553203818
LRCIALRKK,1.7646195651031626
LRFLKKILKHLF,0.1760912590556812
LRFLKKILKKLF,0.1760912590556812
LRIIKKILKKLI,0.4771212547196624
LRIIRRILRRLI,1.3979400086720375
LRILRRLLRRLF,0.7958800173440752
LRIVKLILKWLR,0.6020599913279624
LRKAKKIAKKLF,1.3979400086720375
LRKLKKILKKLF,0.7958800173440752
LRKLLLLLRL,1.4080099543870324
LRPAILVRTK,2.6424001847890595
LRRIIRKIIHIIK,0.7767222994651373
LRRLRKWLRRLLKLL,0.7958800173440752
LRRLWLRANRL,2.1072099696478683
LRRLWLRANRLLRRLWLRANRL,0.6020599913279624
LRVRLASHLRKLRKRLL,2.0
LRVRLASHLRKLRKRLLR,2.0
LRWTPTPSYPRYPTRSRGSRWSR,1.505149978319906
LSPAAMASLA,2.3010299956639813
LSPAVMASLA,2.3010299956639813
LVKKLLKLAMGFG,1.9771212547196626
LVKLVAGIKKFLKWK,1.7084072380019715
LVKRFKKFFRKLKKS,0.9133142592999587
LVKRFKKFFRKLKKSV,0.8918164197853117
LVKRFKKFFRKLKKSVK,1.9191153622590855
LVKRFKKFFRKLKKSVKK,0.9912221448863754
LWGTRSGIQP,2.0
LWKTLLKKVLKAAA,0.9542425094393248
LYRRRFVVGR,1.3979400086720375
MDSFQKIEKIGEGTYGVVYKAKDKVSGRLVALKKIRLENESEGVPSTA,0.7742275032521531
MIHGLVTRR,1.9656429519375012
MPKWKVFKKIEKVGRNIRNGIVKAGPAIAVLGEAKALG,1.495597989087997
MPLSWFFPRTWGKR,1.839437140879926
MWSKILGHLIR,1.6532125137753435
NDAACAAHCLFRGRSGG,1.7680525408548828
NFLDTLINLAKKFI,1.6989700043360187
NFLGTLVNLAKKIL,1.2525749891599531
NGKRVCVCR,1.9853699773921616
NGVQPKYKWWKWWKKWW,1.2762876357490838
NGVQPKYKWWKWWKKWWW,1.5405663185259098
NGVQPKYRWWRWWRRWWWW,1.4937608649719416
NGVQPWYKWWKWWKKWW,1.562340663580768
NILNTIINLAKKIL,0.6812412373755872
NLLGSLLKTGLKVGSNLL,1.3690699898826229
NLLKSALKTVNKLLAAS,2.1072099696478683
NLVSDIIGSKKHMEKLISIIKKCR,1.667452952889954
NLWAGILKHIIK,1.564666064252089
NRFTARFRRTPWRLCLQFRQ,1.3824294972922548
NVWKKILGKIIKVAK,1.294466226161593
PFKLSLHL,1.1084216923362935
PKLLKTFLSKWIG,0.9911461381214944
PPIVGSIPLGCG,2.1072099696478683
PRCRRRFCRP,2.1072099696478683
PRPGPRP,2.2174048894562635
PRPLPRP,2.187083981223648
PRPRCRRRFCRPRP,2.1072099696478683
PRPRPRP,2.1651854385646807
PRPWPRP,2.1505338460086936
QHSSGKSDVRRW,2.0
QLKVDLWGTR,2.0
QLKVDLWGTRSGI,2.0
QLKVDLWGTRSGIQPEQHSSGKSDVRRWRSRY,2.0
QQRFEWEFEQQ,2.517646464689385
RAVAVIIRLRRV,1.2088955268856223
RAWVAWRNR,2.313584830389906
RERSKGSKYLYVG,1.6040996532600014
RFGRFLRKIRRFRPKVTITIQGSARF,0.3830792758082397
RFRLPFRRPPIRIHPPPFYPPFRRFL,0.9515449934959719
RFRPPIRRPPIRPPFNPPFRPPVRPPFRPPFRPPFRPPIGPFP,1.2871693295490445
RFRPPIRRPPIRPPFRPPFRPPVR,1.0272158341250657
RFRPPIRRPPIRPPFRPPFRPPVRPPIRPPFRPPFRPPIGPFP,0.7636124414007797
RFRPPIRRPPIRPPFYPPFRPPIRPPIFPPIRPPFRPPLGPFP,1.58937429014719
RFRRLFRIRVRVLKKI,0.3010299956639812
RFRRLRCKTRCRLKKI,2.1072099696478683
RFRRLRDKTRDRLKKI,2.1072099696478683
RFRRLRIKTRIRLKKI,1.806179973983887
RFRRLRKKFRKRLKKI,2.1072099696478683
RFRRLRKKIRKRLKKI,2.4082399653118496
RFRRLRKKKRKRLKKI,2.1072099696478683
RFRRLRKKTRKRLKKI,2.1072099696478683
RFRRLRKKWRKRLKKI,2.1072099696478683
RFRRLRKWTRWRLKKI,0.9030899869919436
RFRRLRPKTRPRLKKI,2.1072099696478683
RFRRLRWKTRWRLKKI,0.752574989159953
RFRRLRWRTRWRLRRI,0.6020599913279624
RFRRLRWWTRKRLKKI,0.9030899869919436
RGARIVVIRVAR,1.3560148433445305
RGGLCYCRGRFCVCVGR,0.3220962819590451
RGGRLCYTRPRFTVCVGR,0.7752136132791786
RGGRLTYTRPRFTVTVGR,1.3781188010541123
RGGRLYRRRFVVGR,0.3010299956639812
RGKRWWRRKK,1.3979400086720375
RICRIVVIRCIR,1.3290771626948412
RIGSILGALAKGLPTLKSWIKNR,2.0
RIGSILGRLAKGLPTLISWIKNR,1.0969100130080565
RIGSILGRLAKGLPTLKSWIKNR,2.0
RIGSILGRLAKGLPTLRSWIKNR,2.0
RIIRKIIHII,1.1956411237298987
RIIRKIIHIIK,1.154029223106653
RILRGVSRRIMRRILTGRR,1.1311536491268357
RIVQRIKKWLLKWKKLGY,1.233144654279567
RIWFQNRRMRWRR,1.505149978319906
RIWVIRWR,0.907455846128513
RIWVIWRR,0.6064258504645318
RKGWFKAMKSIAKFIAKEKLKEHL,0.4913616938342727
RKKKAKIIKKII,1.7958800173440752
RKKKIKIIKKII,1.7958800173440752
RKKKIKIIKRLI,1.7958800173440752
RKKKLKIIKRLI,1.7958800173440752
RKKKLKVVKRLV,1.7958800173440752
RKKKVKLLKRLV,1.7958800173440752
RKKRLKLLKRLL,0.7958800173440752
RKKRLKLLKRLV,1.3979400086720375
RKKRLKVVKRLV,1.7958800173440752
RKKRLRVVRRLV,1.7958800173440752
RKKRVKLLKRLV,1.7958800173440752
RKKRWWRRKK,0.7781512503836436
RKKTRKR,2.4082399653118496
RKKTRKRLKKIGKVLKWI,0.752574989159953
RKWVWWRNR,1.0621662811348476
RKWWRWIKW,0.3979400086720376
RLARIVKIRVAR,1.935296179831315
RLARIVPIRVAR,2.24572387939631
RLARIVVIRVRR,0.7250091566766311
RLARRVVIRVAR,1.633559905565772
RLGTALPALLKTLLAGLNG,1.230448921378274
RLKKIGKVLKWI,1.9566949718158777
RLKLLLLLRL,0.80594996305907
RLKLLLLLRW,0.480265665170564
RLKLLLLRL,1.1481668210625309
RLKLLLRL,2.096762869788024
RLKLLRL,2.1476013107588754
RLLLRIGRR,1.4987954973793345
RLPWRWPRRPWRR,1.9645169965990141
RLRLRIGRR,1.3995833355309664
RLRRIVVIRVAR,0.7250091566766312
RLRRIVVIRVRR,0.7011482057429806
RLSRIVVIRVSR,0.439561749561253
RLTYKPRTVTYTRGR,1.6228354795215203
RLWLAIGRG,1.3044633145439184
RLWLAIGRR,0.8278324880759483
RLWLAIKRR,1.1612359947967774
RLWLAWKRR,0.6020599913279624
RLWRIVVIRVAR,0.1143810789152694
RLWRRWRRWLR,0.5518883253839656
RLWRRWRRWRR,0.6020599913279624
RLYLRIGRR,1.639385187005094
RLYRRLYR,1.2430380486862944
RLYRRLYRRLYRRLYR,0.041392685158225
RLYRRRFVVGR,0.9030899869919436
RPKPQQFFGLM,2.569082147330624
RPRPNYRPRPIYRP,0.625484260229419
RPRRRATTRRRITTGTRRRR,1.8494850021680094
RQIKIWFQNRRLKWKK,1.806179973983887
RQIRIWFQNRRMRWRR,1.2041199826559248
RRCPIVVIRVCR,0.4347818630281778
RRIIRKIIHII,1.1454420797142406
RRIIRKIIHIIK,1.1081833511877677
RRIIRKIIHIIKK,1.07387007004404
RRIPRPILLPWRPPRPIPRPQPQPIPRWL,1.1494902556758697
RRLFRRILRYL,0.627636252551653
RRLLRRLRR,2.0
RRLRKKTRKRLKKIGKVLKWI,0.6020599913279624
RRLRRLLRRLLRRLRR,0.9542425094393248
RRLTLRQLLGLGSRRRRRSR,0.4955443375464484
RRPRPRPRPFFF,1.6020599913279625
RRPRPRPRPFFFF,1.3010299956639813
RRPRPRPRPFFFFF,1.0
RRPRPRPRPWWW,1.6020599913279625
RRPRPRPRPWWWW,0.9180579703018542
RRPWRWPRWPWRR,1.3462251197693158
RRPWRWPWWPWRR,1.1892108877487375
RRRIKIRWY,1.3621138277103606
RRRWWW,1.3979400086720375
RRRYIGRYVRFWK,1.0747942838938722
RRWCFRVCYKGFCYRKCR,0.5623499337826596
RRWHRHWRR,2.1072099696478683
RRWHRWWRR,1.4082399653118496
RRWPLKPKKWPLI,0.8618510092659111
RRWPLKPWKKPLI,0.5608210136019298
RRWPLLPWKWPLI,0.5500800452743079
RRWQWRMKK,0.3389253271569117
RRWRIVVIRVRR,0.6020599913279624
RRWRRWRRWRR,0.8027466551039498
RRWVIWRR,1.1151103344586175
RRWWCA,1.6010549321075829
RRWWCC,1.7134898786238937
RRWWCD,2.1326330302404704
RRWWCE,2.12606895471663
RRWWCF,1.020850959149703
RRWWCG,1.726746683699836
RRWWCH,1.4404208067616513
RRWWCI,1.1158151723062033
RRWWCK,1.2600454603565985
RRWWCL,1.1158151723062033
RRWWCM,1.1421363745260291
RRWWCN,2.0274137019612235
RRWWCP,1.7344772616972384
RRWWCQ,1.7456199212483527
RRWWCR,1.0417027549565663
RRWWCS,1.6619194129607304
RRWWCV,1.2847496316871125
RRWWCW,1.6162024491253473
RRWWCY,1.0928025245846202
RRWWHWWRR,1.0530784434834195
RRWWKWWRK,0.6989700043360189
RRWWRHWRR,1.6812412373755872
RRWWRRWRR,2.0
RRWWRWWR,0.2556764373623037
RRWWRWWRR,0.7481880270062004
RRWYRWAWRMR,0.4626795345415909
RSTEDIIKSISGGGFLNAMNA,1.4674395685154868
RTKKWIVWI,1.4417449089597614
RTRCRFLRRC,0.7674279463972953
RVCFAIPLPICH,1.4657479164364826
RVCSWIPLPICH,2.397940008672037
RVCYAIPLPIC,1.602904350459578
RVCYAIPLPICY,1.3276726426586505
RVKRFWPLVPVAINTVAAGINLYKAIRRK,0.32966650652262586
RWCFRVCYRGICYRKCR,0.5923371648839819
RWFKIQLQIRRWKNKK,1.2041199826559248
RWFKIQMQIRRWKNKK,1.806179973983887
RWFRIQLQIRRWRNRR,1.2041199826559248
RWGKWFKKATHVGKHVGKAALTAYL,1.350671470737865
RWKIFKKIEKVGRNVRDGIIKAGPAVAVVGQAATVVK,1.7309224750678918
RWKIFKKIPKFLHSAKKF,0.752574989159953
RWKLLLLLRL,0.1792356695065829
RWKRWWRRKK,0.7781512503836436
RWRRLLKKLHHLLH,0.9239212623311474
RWRRLLKKLHHLLHSATFIKHFIHRF,0.9746857997412826
RWRWR,1.7649807840581393
RWRWRWF,1.428736788720791
RWRWRWFGGGFIKHFIHRF,1.091849711195144
RWRWRWFSATFIKHFIHRF,1.368051898098377
RWRWRWFSGGFIKHFIHRF,1.086843879950438
RWRWRWRW,0.8667867354833559
RWRWRWRWRW,0.5563025007672873
RWRYRW,0.990478823873243
RWWLRRIW,1.0969100130080565
RWWRWWRRWW,1.7135244062594162
RWWRWWRRWWW,1.669847809834077
RWWRYWR,0.3157381692499875
SGIQPEQHSS,2.0
SGKLCCRRKK,2.0
SGKLWWRRKK,1.6989700043360187
SGKLYYRRKK,2.0
SGKRWWRRKK,1.6989700043360187
SGTSEKERESGRLLGVVKRLIVCFRSPFP,1.3729120029701063
SIGAKILGGVKTFFKGALKELAFTYLQ,1.1114172395991593
SILGKLWKGVKSIF,0.6585478533739111
SILPTIVSFLSKFL,1.380211241711606
SILPTIVSFLTKFL,1.3979400086720375
SKWMSLLKHILK,0.9637878273455552
SLLSLIRKLIT,0.6020599913279624
SLSRFLRFLKIVYRRAF,1.0969100130080565
SLSRFLSFLKIVYPPAF,1.4011286585379852
SPRRRTPSPRRRRSQSPRRR,2.0
SVIGCWTFSIPPRPCFVK,2.690913210776804
SVIGCWTKSIPPRPCFVK,1.7781512503836436
SWKSFLKTFSSAKSTVLHTALKAISS,1.354969521562142
SWKSMAKKLKEYMEKLKQRA,1.6860859805783164
TKPTLLGLPLGAGPAAGPGKR,0.9030899869919436
TLKQFAKGVGKWLVK,1.768765206137039
TLLKKVLKAAA,0.4771212547196624
TPFKISIHL,1.1527277083418146
TPFKLSLHL,1.3032427061738785
TRKRLKKIGKVLKWI,1.505149978319906
VDKPPYLPRPRPPRRIYNR,0.6214585875311502
VGVGGGFGR,2.1911717007054587
VIGSILGALASGLPTLISWIKNR,0.7781512503836436
VIPIVSGLLSSLL,0.5649738945406332
VIRRRRILAAVV,2.2451076995400667
VKKFPWWWPFLKK,0.7470982531312899
VKRFKKFFRKFKKSV,1.704772772219823
VKRFKKFFRKLKKS,1.08974451364036
VKRFKKFFRKLKKSVK,0.8886511276378255
VKRFKKFFRKLKKSVKK,0.862530485140275
VKRFKKFFRKLKKSVKKL,0.9912221448863754
VKRWKKFWRKWKKWW,0.3138527668448279
VKRWKKWWRKLKKSV,1.6868613396263072
VKWRWKKWRWKWKWKV,1.6170933132822105
VKWRWKWKWRWKWKWKV,1.5848343021760465
VLPKVMAHMK,2.0
VLPLISMALGKLL,1.7781512503836436
VNWKKILAKIIKVAK,0.6334684555795865
VNWKKILAKIIKVVK,0.3424226808222063
VNWKKILG,2.0
VNWKKILGKI,2.0
VNWKKILGKIIKVAK,0.9542425094393248
VNWKKILGKIIKVVK,0.7744122000551525
VNWKKILKKIIKVAK,1.1931245983544616
VNWKKILKKIIKVVK,0.9822712330395684
VNWKKILPKIIKVAK,1.9030899869919435
VNWKKILPKIIKVVK,1.5118833609788744
VNWKKVLAKIIKVAK,0.8573324964312685
VNWKKVLKKIIKVAK,1.1931245983544616
VNWKKVLPKIIKVAK,2.0
VQLRIRVAVIRA,1.6620034445900504
VQLRIRVRVIRK,0.8928111235520878
VQRWLIVWRIRK,0.4806896629932259
VRFRIRVAVIRA,0.916080754118008
VRLIVAVRIWRR,0.512321087587307
VRLRIRVAVIRA,1.245107699540067
VRLRIRVAVIRK,0.6082200473148273
VRLRIRVAVRRA,0.9134006021598152
VRLWIRVAVIRA,1.5370620456161674
VRRFAWWWAFLRR,0.4317560692554226
VRRFAWWWPFLRR,0.3287769014870171
VRRFPFFFPFLRR,0.5264774849341548
VRRFPWWWAFLRR,0.4256869144950735
VRRFPWWWPFLRR,0.1186714113556134
VRRFPYYYPFLRR,1.037833342907372
VRRVRKWVRRVLKLV,0.9022400945529965
VRRYPWWWPYLRR,0.4124566803153938
VRVKVRVK,2.706303708288508
VRVKVRVKVRVK,1.6297829903031806
VRWRIRVAVIRA,0.9045888597903698
VTCDILSVEAKGVKL,1.802752421932964
VTRRRHGV,2.008716805044789
VWLSALKFIGKHLAKHQLSKL,0.4913616938342727
WALRLYLVY,2.0
WCPPMIPLCSRF,2.3010299956639813
WFKKIPKFLHLAKKF,0.494850021680094
WFKKIPKFLHLLKKF,0.494850021680094
WFKKLLKKALRLWKKVL,0.6361567605307552
WFWKLLWKALRLWWKVL,0.5278035775479113
WFWKWWRRRRR,0.2304489213782739
WGEAFSAGVHRLANGGNG,1.852174904420303
WGRAFRRGVRRLARGGRR,1.2664773021931028
WGRAFRRLVRRLARGLRR,0.9433682638235208
WGRAFSAGVHRLANGGNG,1.8456560599835443
WGRAFSRGVRRLARGGRG,1.6024061060632124
WKKAWKPGAKKWAK,2.0068666377598743
WKKIPKFLHLAKKF,0.494850021680094
WKKIPKFLHLLKKF,0.494850021680094
WKKIWKPGIKKWIK,1.7058366420958935
WKKIWSKIKKLLK,0.4955443375464484
WKKLWKPGLKKWLK,1.0034333188799374
WKKVWKPGVKKWVK,2.0068666377598743
WKKWWKKW,1.7958800173440752
WKKWWKKWWK,1.1931245983544616
WKLFKKIPKFLHLAKKF,0.494850021680094
WKPGKW,2.1072099696478683
WKRLVAASAKKK,0.8583308770572871
WKSDVRRWRSRY,2.0
WKSYVRRW,2.0
WKSYVRRWR,1.806179973983887
WKSYVRRWRS,2.0
WKSYVRRWRSRY,1.505149978319906
WKTLLKKVLKAAA,0.9542425094393248
WKWKPGKWKW,1.3546349804879154
WKWKWKPGKWKWKW,0.6020599913279624
WKWKWKWKPGKWKWKWKW,0.45154499349597177
WKWKWKWKWKPGKWKWKWKWKW,1.2041199826559248
WKWLKKWIK,1.0969100130080565
WLKKW,2.022312225483949
WLLKRWKKLL,1.3546349804879154
WLLKW,2.030978836578099
WLRAFRRLVRRLARGLRR,0.4345219355071115
WLRAFRRLVRRLARLLRR,0.3706230858720456
WLRRIGKGVKIIGGAALDHL,1.4689992496521591
WRCRRRFCRW,0.9030899869919436
WRKAWRPGAKRWAK,1.8061799739838873
WRKIWRPGIKRWIK,1.4048066464319122
WRKLWRGGLKRWLK,0.9030899869919436
WRKLWRPGLKRWLK,0.8027466551039498
WRKVWRPGVKRWVK,1.505149978319906
WRNGRWWRNGRWWRNGRW,0.3010299956639812
WRPGRW,2.1072099696478683
WRPGRWWRPGRW,0.752574989159953
WRPGRWWRPGRWWRPGRW,0.3010299956639812
WRPGRWWRPGRWWRPGRWWRPGRW,0.45154499349597177
WRRRYRRWRRRRRWRRRPRR,0.1931245983544616
WRWKWRWK,1.6715157217782777
WRWRCRRRFCRWRW,0.6020599913279624
WRWRW,1.0510902273719598
WRWRWR,1.2265899102345719
WWHSWWSTW,1.962904297436162
WWKDWWERW,2.529406009126088
WWRLRRIW,1.0969100130080565
WWRWRW,0.6674701256675795
WWSYVRRWRSR,0.9030899869919436
WWSYWWTQW,1.9420150539057888
WWVAARAARR,1.3010299956639813
WWWLRKIW,0.4913616938342727
WWWLRRIR,1.0969100130080565
WWWLRRRW,0.4913616938342727
WWWRRRIW,1.0969100130080565
WWYNWWQDW,2.5317835094286467
YCNGKRVCVC,1.941425528388549
YCNGKRVCVCR,1.624424624667688
YKLLKKLLKKLKKLLKKL,1.1268732363854996
YKLLKLLLPKLKGLLIKL,0.2782321364670332
YKLLKLLLPKLKGLLPKL,0.7208828867382199
YKLLKLLLPKLKPLLFKL,0.1382918662731607
YKLLKLLLPKLKPLLIKL,0.270054749110651
YKLLKLLLPKLKPLLPKL,1.3244632038042474
YKLLKWLLLKLKALLEKL,1.4304563468056497
YPSKPDNPGEDAPAEDMARYYSALRHYINLITRQRY,2.068270764800903
YRGGYTGPIPRPPPIGRPPFRPVCNACYRLSVSDARNCCIKFGSCCHLVK,1.3010299956639813
YRLRVKWKW,0.98858803400118
YRWARWWRR,0.5419247868937747
YSLQMGATAIKQVKKLFKKKGG,0.8195439355418687
YSWPRMPRIPRLPRYPRYPRYPRWPRHPTIYA,1.2041199826559248
YSWPRMPRIPRLPRYPRYPRYPRWPRWPRQPTIYA,0.9783474859082315
YWRWRW,0.9779059951495168
